Year,State,Race,Median Household Income,Total Population,Unemployment Rate,Incidence,Mortality
2015,Alabama,Non-Hispanic Black,44765,3807670,6.1,886,200
2015,Alabama,Hispanic,44765,3807670,6.1,30,0
2015,Alabama,Non-Hispanic White,44765,3807670,6.1,2689,472
2015,Alaska,Non-Hispanic Black,73355,544288,6.4,12,0
2015,Alaska,Hispanic,73355,544288,6.4,13,0
2015,Alaska,Non-Hispanic White,73355,544288,6.4,308,45
2015,Arizona,Non-Hispanic Black,51492,5325671,5.8,137,29
2015,Arizona,Hispanic,51492,5325671,5.8,653,100
2015,Arizona,Non-Hispanic White,51492,5325671,5.8,3524,634
2015,Arkansas,Non-Hispanic Black,41995,2305251,4.3,279,69
2015,Arkansas,Hispanic,41995,2305251,4.3,42,5
2015,Arkansas,Non-Hispanic White,41995,2305251,4.3,1728,331
2015,California,Non-Hispanic Black,64500,30422273,5.7,1685,405
2015,California,Hispanic,64500,30422273,5.7,4995,751
2015,California,Non-Hispanic White,64500,30422273,5.7,15428,2789
2015,Colorado,Non-Hispanic Black,63909,4275910,3.3,110,23
2015,Colorado,Hispanic,63909,4275910,3.3,404,60
2015,Colorado,Non-Hispanic White,63909,4275910,3.3,2998,467
2015,Connecticut,Non-Hispanic Black,71346,2873797,5.3,248,40
2015,Connecticut,Hispanic,71346,2873797,5.3,247,18
2015,Connecticut,Non-Hispanic White,71346,2873797,5.3,2649,393
2015,Delaware,Non-Hispanic Black,61255,749992,4.6,147,28
2015,Delaware,Hispanic,61255,749992,4.6,20,0
2015,Delaware,Non-Hispanic White,61255,749992,4.6,618,102
2015,Florida,Non-Hispanic Black,49426,16428472,5.1,1742,393
2015,Florida,Hispanic,49426,16428472,5.1,2496,372
2015,Florida,Non-Hispanic White,49426,16428472,5.1,11166,2038
2015,Georgia,Non-Hispanic Black,51244,7817713,5.7,2028,439
2015,Georgia,Hispanic,51244,7817713,5.7,204,22
2015,Georgia,Non-Hispanic White,51244,7817713,5.7,4622,750
2015,Hawaii,Non-Hispanic Black,73486,1089802,3.1,10,0
2015,Hawaii,Hispanic,73486,1089802,3.1,64,5
2015,Hawaii,Non-Hispanic White,73486,1089802,3.1,281,44
2015,Indiana,Non-Hispanic Black,50532,5131265,4.6,393,86
2015,Indiana,Hispanic,50532,5131265,4.6,98,15
2015,Indiana,Non-Hispanic White,50532,5131265,4.6,4244,766
2015,Iowa,Non-Hispanic Black,54736,2436877,3.6,36,6
2015,Iowa,Hispanic,54736,2436877,3.6,29,3
2015,Iowa,Non-Hispanic White,54736,2436877,3.6,2245,386
2015,Kentucky,Non-Hispanic Black,45215,3451246,5.2,229,49
2015,Kentucky,Hispanic,45215,3451246,5.2,27,4
2015,Kentucky,Non-Hispanic White,45215,3451246,5.2,3108,545
2015,Louisiana,Non-Hispanic Black,45727,3576862,6,1027,252
2015,Louisiana,Hispanic,45727,3576862,6,68,7
2015,Louisiana,Non-Hispanic White,45727,3576862,6,2221,387
2015,Maryland,Non-Hispanic Black,75847,4706659,4.6,1357,278
2015,Maryland,Hispanic,75847,4706659,4.6,137,15
2015,Maryland,Non-Hispanic White,75847,4706659,4.6,3049,508
2015,Michigan,Non-Hispanic Black,51084,7899267,4.9,992,230
2015,Michigan,Hispanic,51084,7899267,4.9,117,20
2015,Michigan,Non-Hispanic White,51084,7899267,4.9,6344,1151
2015,Minnesota,Non-Hispanic Black,63488,4298949,3.8,108,20
2015,Minnesota,Hispanic,63488,4298949,3.8,53,6
2015,Minnesota,Non-Hispanic White,63488,4298949,3.8,3897,599
2015,Mississippi,Non-Hispanic Black,40593,2281963,6.4,699,180
2015,Mississippi,Hispanic,40593,2281963,6.4,12,0
2015,Mississippi,Non-Hispanic White,40593,2281963,6.4,1341,243
2015,Missouri,Non-Hispanic Black,50238,4745022,4.5,500,120
2015,Missouri,Hispanic,50238,4745022,4.5,50,6
2015,Missouri,Non-Hispanic White,50238,4745022,4.5,4177,738
2015,Nebraska,Non-Hispanic Black,54996,1446285,3,42,9
2015,Nebraska,Hispanic,54996,1446285,3,39,3
2015,Nebraska,Non-Hispanic White,54996,1446285,3,1248,221
2015,Nevada,Non-Hispanic Black,52431,2255466,6.3,125,32
2015,Nevada,Hispanic,52431,2255466,6.3,203,26
2015,Nevada,Non-Hispanic White,52431,2255466,6.3,1277,264
2015,New Hampshire,Non-Hispanic Black,70303,1093157,3,4,0
2015,New Hampshire,Hispanic,70303,1093157,3,14,0
2015,New Hampshire,Non-Hispanic White,70303,1093157,3,1205,175
2015,New Jersey,Non-Hispanic Black,72222,7021039,5,884,215
2015,New Jersey,Hispanic,72222,7021039,5,729,84
2015,New Jersey,Non-Hispanic White,72222,7021039,5,5354,978
2015,New Mexico,Non-Hispanic Black,45382,1614139,6.5,19,6
2015,New Mexico,Hispanic,45382,1614139,6.5,486,76
2015,New Mexico,Non-Hispanic White,45382,1614139,6.5,838,150
2015,New York,Non-Hispanic Black,60850,15727088,4.8,2134,467
2015,New York,Hispanic,60850,15727088,4.8,1726,228
2015,New York,Non-Hispanic White,60850,15727088,4.8,11048,1782
2015,North Carolina,Non-Hispanic Black,47830,7846010,5.4,1635,347
2015,North Carolina,Hispanic,47830,7846010,5.4,169,17
2015,North Carolina,Non-Hispanic White,47830,7846010,5.4,5985,925
2015,Ohio,Non-Hispanic Black,51075,9142204,4.9,1001,242
2015,Ohio,Hispanic,51075,9142204,4.9,78,11
2015,Ohio,Non-Hispanic White,51075,9142204,4.9,8034,1510
2015,Oklahoma,Non-Hispanic Black,48568,2981527,4.4,170,45
2015,Oklahoma,Hispanic,48568,2981527,4.4,83,10
2015,Oklahoma,Non-Hispanic White,48568,2981527,4.4,2121,447
2015,Oregon,Non-Hispanic Black,54148,3244022,5,40,9
2015,Oregon,Hispanic,54148,3244022,5,119,13
2015,Oregon,Non-Hispanic White,54148,3244022,5,2873,487
2015,Pennsylvania,Non-Hispanic Black,55702,10225852,5.3,980,239
2015,Pennsylvania,Hispanic,55702,10225852,5.3,222,28
2015,Pennsylvania,Non-Hispanic White,55702,10225852,5.3,9584,1710
2015,Rhode Island,Non-Hispanic Black,58073,857070,5.6,32,7
2015,Rhode Island,Hispanic,58073,857070,5.6,52,4
2015,Rhode Island,Non-Hispanic White,58073,857070,5.6,820,124
2015,South Carolina,Non-Hispanic Black,47238,3852349,5.4,962,215
2015,South Carolina,Hispanic,47238,3852349,5.4,52,6
2015,South Carolina,Non-Hispanic White,47238,3852349,5.4,2823,456
2015,Tennessee,Non-Hispanic Black,47275,5184152,4.9,728,176
2015,Tennessee,Hispanic,47275,5184152,4.9,55,7
2015,Tennessee,Non-Hispanic White,47275,5184152,4.9,4123,723
2015,Texas,Non-Hispanic Black,55653,20696766,4.5,1883,451
2015,Texas,Hispanic,55653,20696766,4.5,3405,542
2015,Texas,Non-Hispanic White,55653,20696766,4.5,9728,1710
2015,Utah,Non-Hispanic Black,62912,2164055,3.5,8,0
2015,Utah,Hispanic,62912,2164055,3.5,108,10
2015,Utah,Non-Hispanic White,62912,2164055,3.5,1289,235
2015,Virginia,Non-Hispanic Black,66262,6517537,4,1205,259
2015,Virginia,Hispanic,66262,6517537,4,178,22
2015,Virginia,Non-Hispanic White,66262,6517537,4,4589,774
2015,Washington,Non-Hispanic Black,64129,5669906,5.4,135,26
2015,Washington,Hispanic,64129,5669906,5.4,204,18
2015,Washington,Non-Hispanic White,64129,5669906,5.4,4721,740
2015,Wisconsin,Non-Hispanic Black,55638,4555288,4.2,212,44
2015,Wisconsin,Hispanic,55638,4555288,4.2,76,7
2015,Wisconsin,Non-Hispanic White,55638,4555288,4.2,4174,694
2016,Alabama,Non-Hispanic Black,46257,3825968,5.7,913,201
2016,Alabama,Hispanic,46257,3825968,5.7,29,0
2016,Alabama,Non-Hispanic White,46257,3825968,5.7,2730,479
2016,Alaska,Non-Hispanic Black,76440,547590,6.7,13,0
2016,Alaska,Hispanic,76440,547590,6.7,14,0
2016,Alaska,Non-Hispanic White,76440,547590,6.7,304,46
2016,Arizona,Non-Hispanic Black,53558,5434795,5.3,140,30
2016,Arizona,Hispanic,53558,5434795,5.3,690,106
2016,Arizona,Non-Hispanic White,53558,5434795,5.3,3619,644
2016,Arkansas,Non-Hispanic Black,44334,2318409,3.8,286,69
2016,Arkansas,Hispanic,44334,2318409,3.8,46,6
2016,Arkansas,Non-Hispanic White,44334,2318409,3.8,1775,333
2016,California,Non-Hispanic Black,67739,30688153,5.4,1679,409
2016,California,Hispanic,67739,30688153,5.4,5217,780
2016,California,Non-Hispanic White,67739,30688153,5.4,15442,2756
2016,Colorado,Non-Hispanic Black,65685,4359555,2.7,117,26
2016,Colorado,Hispanic,65685,4359555,2.7,425,59
2016,Colorado,Non-Hispanic White,65685,4359555,2.7,3098,476
2016,Connecticut,Non-Hispanic Black,73433,2877085,4.6,258,44
2016,Connecticut,Hispanic,73433,2877085,4.6,251,21
2016,Connecticut,Non-Hispanic White,73433,2877085,4.6,2667,381
2016,Delaware,Non-Hispanic Black,61757,758249,4.7,155,28
2016,Delaware,Hispanic,61757,758249,4.7,22,0
2016,Delaware,Non-Hispanic White,61757,758249,4.7,634,106
2016,Florida,Non-Hispanic Black,50860,16773010,4.8,1813,406
2016,Florida,Hispanic,50860,16773010,4.8,2640,383
2016,Florida,Non-Hispanic White,50860,16773010,4.8,11428,2028
2016,Georgia,Non-Hispanic Black,53559,7939421,5.3,2113,448
2016,Georgia,Hispanic,53559,7939421,5.3,223,24
2016,Georgia,Non-Hispanic White,53559,7939421,5.3,4702,754
2016,Hawaii,Non-Hispanic Black,74511,1095214,2.7,9,0
2016,Hawaii,Hispanic,74511,1095214,2.7,66,6
2016,Hawaii,Non-Hispanic White,74511,1095214,2.7,288,47
2016,Indiana,Non-Hispanic Black,52314,5162688,4,402,87
2016,Indiana,Hispanic,52314,5162688,4,106,15
2016,Indiana,Non-Hispanic White,52314,5162688,4,4319,765
2016,Iowa,Non-Hispanic Black,56247,2447876,3.4,38,6
2016,Iowa,Hispanic,56247,2447876,3.4,31,3
2016,Iowa,Non-Hispanic White,56247,2447876,3.4,2269,387
2016,Kentucky,Non-Hispanic Black,46659,3468367,5.1,232,49
2016,Kentucky,Hispanic,46659,3468367,5.1,29,4
2016,Kentucky,Non-Hispanic White,46659,3468367,5.1,3158,549
2016,Louisiana,Non-Hispanic Black,45146,3587029,5.9,1053,248
2016,Louisiana,Hispanic,45146,3587029,5.9,70,8
2016,Louisiana,Non-Hispanic White,45146,3587029,5.9,2247,386
2016,Maryland,Non-Hispanic Black,78945,4725774,4.2,1403,281
2016,Maryland,Hispanic,78945,4725774,4.2,147,16
2016,Maryland,Non-Hispanic White,78945,4725774,4.2,3053,509
2016,Michigan,Non-Hispanic Black,52491,7936205,5,1002,229
2016,Michigan,Hispanic,52491,7936205,5,119,21
2016,Michigan,Non-Hispanic White,52491,7936205,5,6437,1143
2016,Minnesota,Non-Hispanic Black,65599,4337066,3.9,111,20
2016,Minnesota,Hispanic,65599,4337066,3.9,54,6
2016,Minnesota,Non-Hispanic White,65599,4337066,3.9,3921,590
2016,Mississippi,Non-Hispanic Black,41754,2288535,5.7,717,184
2016,Mississippi,Hispanic,41754,2288535,5.7,11,0
2016,Mississippi,Non-Hispanic White,41754,2288535,5.7,1375,248
2016,Missouri,Non-Hispanic Black,51746,4766621,4.3,508,116
2016,Missouri,Hispanic,51746,4766621,4.3,51,6
2016,Missouri,Non-Hispanic White,51746,4766621,4.3,4237,736
2016,Nebraska,Non-Hispanic Black,56927,1457487,3.1,40,9
2016,Nebraska,Hispanic,56927,1457487,3.1,43,4
2016,Nebraska,Non-Hispanic White,56927,1457487,3.1,1275,228
2016,Nevada,Non-Hispanic Black,55180,2301284,5.4,136,32
2016,Nevada,Hispanic,55180,2301284,5.4,215,28
2016,Nevada,Non-Hispanic White,55180,2301284,5.4,1295,267
2016,New Hampshire,Non-Hispanic Black,70936,1102025,2.9,5,0
2016,New Hampshire,Hispanic,70936,1102025,2.9,14,0
2016,New Hampshire,Non-Hispanic White,70936,1102025,2.9,1230,174
2016,New Jersey,Non-Hispanic Black,76126,7041896,4.7,921,212
2016,New Jersey,Hispanic,76126,7041896,4.7,779,89
2016,New Jersey,Non-Hispanic White,76126,7041896,4.7,5374,952
2016,New Mexico,Non-Hispanic Black,46748,1621254,6.8,20,5
2016,New Mexico,Hispanic,46748,1621254,6.8,494,76
2016,New Mexico,Non-Hispanic White,46748,1621254,6.8,837,155
2016,New York,Non-Hispanic Black,62909,15731371,4.8,2159,465
2016,New York,Hispanic,62909,15731371,4.8,1768,228
2016,New York,Non-Hispanic White,62909,15731371,4.8,11060,1765
2016,North Carolina,Non-Hispanic Black,50584,7969352,5,1673,346
2016,North Carolina,Hispanic,50584,7969352,5,185,19
2016,North Carolina,Non-Hispanic White,50584,7969352,5,6129,921
2016,Ohio,Non-Hispanic Black,52344,9176341,5.3,1021,240
2016,Ohio,Hispanic,52344,9176341,5.3,83,13
2016,Ohio,Non-Hispanic White,52344,9176341,5.3,8169,1491
2016,Oklahoma,Non-Hispanic Black,49176,2996384,4.5,182,46
2016,Oklahoma,Hispanic,49176,2996384,4.5,86,10
2016,Oklahoma,Non-Hispanic White,49176,2996384,4.5,2178,443
2016,Oregon,Non-Hispanic Black,57532,3306702,4.3,42,10
2016,Oregon,Hispanic,57532,3306702,4.3,127,16
2016,Oregon,Non-Hispanic White,57532,3306702,4.3,2895,501
2016,Pennsylvania,Non-Hispanic Black,56907,10242658,5.2,995,236
2016,Pennsylvania,Hispanic,56907,10242658,5.2,242,30
2016,Pennsylvania,Non-Hispanic White,56907,10242658,5.2,9682,1694
2016,Rhode Island,Non-Hispanic Black,60596,859062,4.8,35,7
2016,Rhode Island,Hispanic,60596,859062,4.8,56,5
2016,Rhode Island,Non-Hispanic White,60596,859062,4.8,827,122
2016,South Carolina,Non-Hispanic Black,49501,3917679,4.5,989,212
2016,South Carolina,Hispanic,49501,3917679,4.5,60,5
2016,South Carolina,Non-Hispanic White,49501,3917679,4.5,2904,464
2016,Tennessee,Non-Hispanic Black,48547,5241716,4.7,727,173
2016,Tennessee,Hispanic,48547,5241716,4.7,59,9
2016,Tennessee,Non-Hispanic White,48547,5241716,4.7,4190,742
2016,Texas,Non-Hispanic Black,56565,21076258,4.8,1952,454
2016,Texas,Hispanic,56565,21076258,4.8,3551,571
2016,Texas,Non-Hispanic White,56565,21076258,4.8,9926,1733
2016,Utah,Non-Hispanic Black,65977,2219183,3.2,7,0
2016,Utah,Hispanic,65977,2219183,3.2,117,11
2016,Utah,Non-Hispanic White,65977,2219183,3.2,1313,237
2016,Virginia,Non-Hispanic Black,68114,6570569,4,1226,261
2016,Virginia,Hispanic,68114,6570569,4,185,20
2016,Virginia,Non-Hispanic White,68114,6570569,4,4647,778
2016,Washington,Non-Hispanic Black,67106,5786076,4.9,141,26
2016,Washington,Hispanic,67106,5786076,4.9,222,21
2016,Washington,Non-Hispanic White,67106,5786076,4.9,4772,743
2016,Wisconsin,Non-Hispanic Black,56811,4577736,3.6,221,44
2016,Wisconsin,Hispanic,56811,4577736,3.6,77,7
2016,Wisconsin,Non-Hispanic White,56811,4577736,3.6,4227,684
2017,Alabama,Non-Hispanic Black,48123,3900414,4,937,195
2017,Alabama,Hispanic,48123,3900414,4,31,0
2017,Alabama,Non-Hispanic White,48123,3900414,4,2733,484
2017,Alaska,Non-Hispanic Black,73181,546318,6.4,11,0
2017,Alaska,Hispanic,73181,546318,6.4,16,0
2017,Alaska,Non-Hispanic White,73181,546318,6.4,303,47
2017,Arizona,Non-Hispanic Black,56581,5384434,4.9,145,32
2017,Arizona,Hispanic,56581,5384434,4.9,726,110
2017,Arizona,Non-Hispanic White,56581,5384434,4.9,3709,650
2017,Arkansas,Non-Hispanic Black,45869,2317188,3.8,298,70
2017,Arkansas,Hispanic,45869,2317188,3.8,49,6
2017,Arkansas,Non-Hispanic White,45869,2317188,3.8,1792,325
2017,California,Non-Hispanic Black,71805,30891323,4.5,1696,407
2017,California,Hispanic,71805,30891323,4.5,5457,803
2017,California,Non-Hispanic White,71805,30891323,4.5,15444,2729
2017,Colorado,Non-Hispanic Black,69117,4411950,2.8,120,27
2017,Colorado,Hispanic,69117,4411950,2.8,443,62
2017,Colorado,Non-Hispanic White,69117,4411950,2.8,3209,482
2017,Connecticut,Non-Hispanic Black,74168,2906004,4.3,258,45
2017,Connecticut,Hispanic,74168,2906004,4.3,259,24
2017,Connecticut,Non-Hispanic White,74168,2906004,4.3,2674,376
2017,Delaware,Non-Hispanic Black,62852,768214,4.2,161,29
2017,Delaware,Hispanic,62852,768214,4.2,25,0
2017,Delaware,Non-Hispanic White,62852,768214,4.2,635,107
2017,Florida,Non-Hispanic Black,52594,16940944,4,1875,418
2017,Florida,Hispanic,52594,16940944,4,2774,386
2017,Florida,Non-Hispanic White,52594,16940944,4,11604,2033
2017,Georgia,Non-Hispanic Black,56183,8043359,4.4,2199,460
2017,Georgia,Hispanic,56183,8043359,4.4,240,27
2017,Georgia,Non-Hispanic White,56183,8043359,4.4,4794,770
2017,Hawaii,Non-Hispanic Black,77765,1122876,1.9,10,0
2017,Hawaii,Hispanic,77765,1122876,1.9,69,7
2017,Hawaii,Non-Hispanic White,77765,1122876,1.9,282,44
2017,Indiana,Non-Hispanic Black,54181,5206146,3.3,407,86
2017,Indiana,Hispanic,54181,5206146,3.3,109,16
2017,Indiana,Non-Hispanic White,54181,5206146,3.3,4408,769
2017,Iowa,Non-Hispanic Black,58570,2470242,2.8,40,7
2017,Iowa,Hispanic,58570,2470242,2.8,35,5
2017,Iowa,Non-Hispanic White,58570,2470242,2.8,2367,379
2017,Kentucky,Non-Hispanic Black,48375,3496801,4.3,233,45
2017,Kentucky,Hispanic,48375,3496801,4.3,35,4
2017,Kentucky,Non-Hispanic White,48375,3496801,4.3,3204,549
2017,Louisiana,Non-Hispanic Black,46145,3586273,4.7,1081,252
2017,Louisiana,Hispanic,46145,3586273,4.7,74,8
2017,Louisiana,Non-Hispanic White,46145,3586273,4.7,2289,387
2017,Maryland,Non-Hispanic Black,80776,4812024,4,1447,293
2017,Maryland,Hispanic,80776,4812024,4,155,16
2017,Maryland,Non-Hispanic White,80776,4812024,4,3094,497
2017,Michigan,Non-Hispanic Black,54909,8016570,4.6,982,230
2017,Michigan,Hispanic,54909,8016570,4.6,119,20
2017,Michigan,Non-Hispanic White,54909,8016570,4.6,6422,1117
2017,Minnesota,Non-Hispanic Black,68388,4398667,3.3,123,20
2017,Minnesota,Hispanic,68388,4398667,3.3,53,6
2017,Minnesota,Non-Hispanic White,68388,4398667,3.3,4031,591
2017,Mississippi,Non-Hispanic Black,43529,2283572,4.9,732,188
2017,Mississippi,Hispanic,43529,2283572,4.9,12,0
2017,Mississippi,Non-Hispanic White,43529,2283572,4.9,1386,251
2017,Missouri,Non-Hispanic Black,53578,4783725,3.5,526,115
2017,Missouri,Hispanic,53578,4783725,3.5,53,7
2017,Missouri,Non-Hispanic White,53578,4783725,3.5,4304,739
2017,Nebraska,Non-Hispanic Black,59970,1479006,3,42,9
2017,Nebraska,Hispanic,59970,1479006,3,46,0
2017,Nebraska,Non-Hispanic White,59970,1479006,3,1301,229
2017,Nevada,Non-Hispanic Black,58003,2331090,4.9,147,36
2017,Nevada,Hispanic,58003,2331090,4.9,225,30
2017,Nevada,Non-Hispanic White,58003,2331090,4.9,1329,265
2017,New Hampshire,Non-Hispanic Black,73381,1116680,2.8,6,0
2017,New Hampshire,Hispanic,73381,1116680,2.8,15,0
2017,New Hampshire,Non-Hispanic White,73381,1116680,2.8,1246,172
2017,New Jersey,Non-Hispanic Black,80088,7291643,4.5,949,214
2017,New Jersey,Hispanic,80088,7291643,4.5,818,89
2017,New Jersey,Non-Hispanic White,80088,7291643,4.5,5414,935
2017,New Mexico,Non-Hispanic Black,46744,1630743,5.4,19,4
2017,New Mexico,Hispanic,46744,1630743,5.4,510,82
2017,New Mexico,Non-Hispanic White,46744,1630743,5.4,826,159
2017,New York,Non-Hispanic Black,64894,16200124,4.5,2216,459
2017,New York,Hispanic,64894,16200124,4.5,1845,224
2017,New York,Non-Hispanic White,64894,16200124,4.5,11188,1735
2017,North Carolina,Non-Hispanic Black,52752,7980579,4.3,1730,349
2017,North Carolina,Hispanic,52752,7980579,4.3,212,21
2017,North Carolina,Non-Hispanic White,52752,7980579,4.3,6291,947
2017,Ohio,Non-Hispanic Black,54021,9253686,4.6,1038,240
2017,Ohio,Hispanic,54021,9253686,4.6,86,14
2017,Ohio,Non-Hispanic White,54021,9253686,4.6,8343,1493
2017,Oklahoma,Non-Hispanic Black,50051,2991869,3.8,180,43
2017,Oklahoma,Hispanic,50051,2991869,3.8,95,9
2017,Oklahoma,Non-Hispanic White,50051,2991869,3.8,2232,447
2017,Oregon,Non-Hispanic Black,60212,3347470,4.1,43,10
2017,Oregon,Hispanic,60212,3347470,4.1,139,16
2017,Oregon,Non-Hispanic White,60212,3347470,4.1,2921,498
2017,Pennsylvania,Non-Hispanic Black,59105,10374421,4.9,1004,239
2017,Pennsylvania,Hispanic,59105,10374421,4.9,266,28
2017,Pennsylvania,Non-Hispanic White,59105,10374421,4.9,9739,1688
2017,Rhode Island,Non-Hispanic Black,63870,884825,4.5,36,8
2017,Rhode Island,Hispanic,63870,884825,4.5,59,5
2017,Rhode Island,Non-Hispanic White,63870,884825,4.5,830,120
2017,South Carolina,Non-Hispanic Black,50570,3921470,4.1,1006,218
2017,South Carolina,Hispanic,50570,3921470,4.1,63,6
2017,South Carolina,Non-Hispanic White,50570,3921470,4.1,2989,462
2017,Tennessee,Non-Hispanic Black,51340,5312956,3.5,742,172
2017,Tennessee,Hispanic,51340,5312956,3.5,67,10
2017,Tennessee,Non-Hispanic White,51340,5312956,3.5,4247,742
2017,Texas,Non-Hispanic Black,59206,21280466,4.1,2000,451
2017,Texas,Hispanic,59206,21280466,4.1,3701,587
2017,Texas,Non-Hispanic White,59206,21280466,4.1,10103,1746
2017,Utah,Non-Hispanic Black,65358,2284909,3.1,8,0
2017,Utah,Hispanic,65358,2284909,3.1,127,11
2017,Utah,Non-Hispanic White,65358,2284909,3.1,1335,243
2017,Virginia,Non-Hispanic Black,71535,6648412,3.4,1244,268
2017,Virginia,Hispanic,71535,6648412,3.4,193,20
2017,Virginia,Non-Hispanic White,71535,6648412,3.4,4666,799
2017,Washington,Non-Hispanic Black,70979,5897378,4.6,142,25
2017,Washington,Hispanic,70979,5897378,4.6,239,23
2017,Washington,Non-Hispanic White,70979,5897378,4.6,4832,768
2017,Wisconsin,Non-Hispanic Black,59305,4630515,3,223,41
2017,Wisconsin,Hispanic,59305,4630515,3,83,8
2017,Wisconsin,Non-Hispanic White,59305,4630515,3,4308,670
2018,Alabama,Non-Hispanic Black,49861,3923367,3.8,951,201
2018,Alabama,Hispanic,49861,3923367,3.8,34,0
2018,Alabama,Non-Hispanic White,49861,3923367,3.8,2747,491
2018,Alaska,Non-Hispanic Black,74346,545405,6,11,0
2018,Alaska,Hispanic,74346,545405,6,15,0
2018,Alaska,Non-Hispanic White,74346,545405,6,310,46
2018,Arizona,Non-Hispanic Black,59246,5481828,5,146,34
2018,Arizona,Hispanic,59246,5481828,5,747,106
2018,Arizona,Non-Hispanic White,59246,5481828,5,3790,643
2018,Arkansas,Non-Hispanic Black,47062,2325928,3.7,304,71
2018,Arkansas,Hispanic,47062,2325928,3.7,52,5
2018,Arkansas,Non-Hispanic White,47062,2325928,3.7,1813,319
2018,California,Non-Hispanic Black,75277,31020205,4.3,1697,412
2018,California,Hispanic,75277,31020205,4.3,5649,801
2018,California,Non-Hispanic White,75277,31020205,4.3,15432,2738
2018,Colorado,Non-Hispanic Black,71953,4484765,3.1,118,25
2018,Colorado,Hispanic,71953,4484765,3.1,461,65
2018,Colorado,Non-Hispanic White,71953,4484765,3.1,3303,495
2018,Connecticut,Non-Hispanic Black,76348,2912665,3.7,270,47
2018,Connecticut,Hispanic,76348,2912665,3.7,266,26
2018,Connecticut,Non-Hispanic White,76348,2912665,3.7,2668,367
2018,Delaware,Non-Hispanic Black,64805,777512,3.5,168,30
2018,Delaware,Hispanic,64805,777512,3.5,26,0
2018,Delaware,Non-Hispanic White,64805,777512,3.5,634,110
2018,Florida,Non-Hispanic Black,55462,17165107,3.5,1932,423
2018,Florida,Hispanic,55462,17165107,3.5,2953,407
2018,Florida,Non-Hispanic White,55462,17165107,3.5,11841,2038
2018,Georgia,Non-Hispanic Black,58756,8147736,3.9,2287,464
2018,Georgia,Hispanic,58756,8147736,3.9,272,26
2018,Georgia,Non-Hispanic White,58756,8147736,3.9,4908,774
2018,Hawaii,Non-Hispanic Black,80212,1124782,2.8,10,0
2018,Hawaii,Hispanic,80212,1124782,2.8,68,8
2018,Hawaii,Non-Hispanic White,80212,1124782,2.8,282,46
2018,Indiana,Non-Hispanic Black,55746,5241407,3.6,413,87
2018,Indiana,Hispanic,55746,5241407,3.6,119,17
2018,Indiana,Non-Hispanic White,55746,5241407,3.6,4487,772
2018,Iowa,Non-Hispanic Black,59955,2480914,2.6,45,7
2018,Iowa,Hispanic,59955,2480914,2.6,38,5
2018,Iowa,Non-Hispanic White,59955,2480914,2.6,2441,380
2018,Kentucky,Non-Hispanic Black,50247,3508665,4.2,242,48
2018,Kentucky,Hispanic,50247,3508665,4.2,37,5
2018,Kentucky,Non-Hispanic White,50247,3508665,4.2,3254,547
2018,Louisiana,Non-Hispanic Black,47905,3585611,4.8,1102,247
2018,Louisiana,Hispanic,47905,3585611,4.8,77,7
2018,Louisiana,Non-Hispanic White,47905,3585611,4.8,2346,397
2018,Maryland,Non-Hispanic Black,83242,4835331,3.7,1456,300
2018,Maryland,Hispanic,83242,4835331,3.7,164,19
2018,Maryland,Non-Hispanic White,83242,4835331,3.7,3087,496
2018,Michigan,Non-Hispanic Black,56697,8041813,4.2,968,233
2018,Michigan,Hispanic,56697,8041813,4.2,125,21
2018,Michigan,Non-Hispanic White,56697,8041813,4.2,6514,1133
2018,Minnesota,Non-Hispanic Black,70315,4435638,3.2,129,24
2018,Minnesota,Hispanic,70315,4435638,3.2,61,6
2018,Minnesota,Non-Hispanic White,70315,4435638,3.2,4137,589
2018,Mississippi,Non-Hispanic Black,44717,2280258,5.3,761,185
2018,Mississippi,Hispanic,44717,2280258,5.3,13,0
2018,Mississippi,Non-Hispanic White,44717,2280258,5.3,1422,253
2018,Missouri,Non-Hispanic Black,54478,4801417,3.3,523,116
2018,Missouri,Hispanic,54478,4801417,3.3,53,7
2018,Missouri,Non-Hispanic White,54478,4801417,3.3,4345,727
2018,Nebraska,Non-Hispanic Black,59566,1488977,3.1,43,9
2018,Nebraska,Hispanic,59566,1488977,3.1,51,0
2018,Nebraska,Non-Hispanic White,59566,1488977,3.1,1336,225
2018,Nevada,Non-Hispanic Black,58646,2382076,4.3,120,40
2018,Nevada,Hispanic,58646,2382076,4.3,189,31
2018,Nevada,Non-Hispanic White,58646,2382076,4.3,1072,260
2018,New Hampshire,Non-Hispanic Black,74991,1125094,2.6,5,0
2018,New Hampshire,Hispanic,74991,1125094,2.6,17,0
2018,New Hampshire,Non-Hispanic White,74991,1125094,2.6,1245,171
2018,New Jersey,Non-Hispanic Black,81740,7331804,3.6,947,212
2018,New Jersey,Hispanic,81740,7331804,3.6,833,93
2018,New Jersey,Non-Hispanic White,81740,7331804,3.6,5449,920
2018,New Mexico,Non-Hispanic Black,47169,1639707,5.2,20,4
2018,New Mexico,Hispanic,47169,1639707,5.2,511,85
2018,New Mexico,Non-Hispanic White,47169,1639707,5.2,825,167
2018,New York,Non-Hispanic Black,67844,16234123,4,2243,468
2018,New York,Hispanic,67844,16234123,4,1904,228
2018,New York,Non-Hispanic White,67844,16234123,4,11253,1720
2018,North Carolina,Non-Hispanic Black,53855,8078625,4,1789,350
2018,North Carolina,Hispanic,53855,8078625,4,234,24
2018,North Carolina,Non-Hispanic White,53855,8078625,4,6482,971
2018,Ohio,Non-Hispanic Black,56111,9284124,4.5,1041,236
2018,Ohio,Hispanic,56111,9284124,4.5,96,14
2018,Ohio,Non-Hispanic White,56111,9284124,4.5,8455,1480
2018,Oklahoma,Non-Hispanic Black,51924,3005032,3.2,185,44
2018,Oklahoma,Hispanic,51924,3005032,3.2,100,11
2018,Oklahoma,Non-Hispanic White,51924,3005032,3.2,2294,458
2018,Oregon,Non-Hispanic Black,63426,3383925,4.3,42,10
2018,Oregon,Hispanic,63426,3383925,4.3,149,16
2018,Oregon,Non-Hispanic White,63426,3383925,4.3,3003,497
2018,Pennsylvania,Non-Hispanic Black,60905,10402445,4.3,1003,240
2018,Pennsylvania,Hispanic,60905,10402445,4.3,283,33
2018,Pennsylvania,Non-Hispanic White,60905,10402445,4.3,9742,1677
2018,Rhode Island,Non-Hispanic Black,64340,889929,3.8,34,8
2018,Rhode Island,Hispanic,64340,889929,3.8,63,5
2018,Rhode Island,Non-Hispanic White,64340,889929,3.8,846,117
2018,South Carolina,Non-Hispanic Black,52306,3973814,3.2,1036,219
2018,South Carolina,Hispanic,52306,3973814,3.2,67,5
2018,South Carolina,Non-Hispanic White,52306,3973814,3.2,3038,483
2018,Tennessee,Non-Hispanic Black,52375,5368885,3.5,752,180
2018,Tennessee,Hispanic,52375,5368885,3.5,74,11
2018,Tennessee,Non-Hispanic White,52375,5368885,3.5,4283,754
2018,Texas,Non-Hispanic Black,60629,21596639,3.8,2053,470
2018,Texas,Hispanic,60629,21596639,3.8,3847,603
2018,Texas,Non-Hispanic White,60629,21596639,3.8,10370,1777
2018,Utah,Non-Hispanic Black,71414,2337116,2.8,9,0
2018,Utah,Hispanic,71414,2337116,2.8,139,14
2018,Utah,Non-Hispanic White,71414,2337116,2.8,1380,246
2018,Virginia,Non-Hispanic Black,72577,6693479,3.1,1273,268
2018,Virginia,Hispanic,72577,6693479,3.1,200,24
2018,Virginia,Non-Hispanic White,72577,6693479,3.1,4675,810
2018,Washington,Non-Hispanic Black,74073,5985376,4.6,137,27
2018,Washington,Hispanic,74073,5985376,4.6,255,29
2018,Washington,Non-Hispanic White,74073,5985376,4.6,4861,770
2018,Wisconsin,Non-Hispanic Black,60773,4656684,3,232,42
2018,Wisconsin,Hispanic,60773,4656684,3,88,7
2018,Wisconsin,Non-Hispanic White,60773,4656684,3,4376,671
2019,Alabama,Non-Hispanic Black,51734,3948677,3.1,971,210
2019,Alabama,Hispanic,51734,3948677,3.1,34,4
2019,Alabama,Non-Hispanic White,51734,3948677,3.1,2798,490
2019,Alaska,Non-Hispanic Black,75463,544765,5.3,10,0
2019,Alaska,Hispanic,75463,544765,5.3,18,0
2019,Alaska,Non-Hispanic White,75463,544765,5.3,307,46
2019,Arizona,Non-Hispanic Black,62055,5591724,4.7,149,38
2019,Arizona,Hispanic,62055,5591724,4.7,789,109
2019,Arizona,Non-Hispanic White,62055,5591724,4.7,3829,653
2019,Arkansas,Non-Hispanic Black,48952,2336888,3.5,311,69
2019,Arkansas,Hispanic,48952,2336888,3.5,55,4
2019,Arkansas,Non-Hispanic White,48952,2336888,3.5,1871,314
2019,California,Non-Hispanic Black,80440,31097199,4.2,1711,415
2019,California,Hispanic,80440,31097199,4.2,5904,823
2019,California,Non-Hispanic White,80440,31097199,4.2,15466,2715
2019,Colorado,Non-Hispanic Black,77127,4549990,2.8,126,25
2019,Colorado,Hispanic,77127,4549990,2.8,481,65
2019,Colorado,Non-Hispanic White,77127,4549990,2.8,3387,503
2019,Connecticut,Non-Hispanic Black,78833,2915958,3.8,280,48
2019,Connecticut,Hispanic,78833,2915958,3.8,279,25
2019,Connecticut,Non-Hispanic White,78833,2915958,3.8,2658,366
2019,Delaware,Non-Hispanic Black,70176,787914,3.6,174,33
2019,Delaware,Hispanic,70176,787914,3.6,28,0
2019,Delaware,Non-Hispanic White,70176,787914,3.6,648,109
2019,Florida,Non-Hispanic Black,59227,17381899,3,1982,443
2019,Florida,Hispanic,59227,17381899,3,3107,416
2019,Florida,Non-Hispanic White,59227,17381899,3,12102,2055
2019,Georgia,Non-Hispanic Black,61980,8252522,3.5,2365,474
2019,Georgia,Hispanic,61980,8252522,3.5,281,29
2019,Georgia,Non-Hispanic White,61980,8252522,3.5,5001,762
2019,Hawaii,Non-Hispanic Black,83102,1124772,2.3,12,0
2019,Hawaii,Hispanic,83102,1124772,2.3,70,9
2019,Hawaii,Non-Hispanic White,83102,1124772,2.3,284,48
2019,Indiana,Non-Hispanic Black,57603,5276602,3.3,402,87
2019,Indiana,Hispanic,57603,5276602,3.3,128,16
2019,Indiana,Non-Hispanic White,57603,5276602,3.3,4485,769
2019,Iowa,Non-Hispanic Black,61691,2493804,2.7,50,8
2019,Iowa,Hispanic,61691,2493804,2.7,37,6
2019,Iowa,Non-Hispanic White,61691,2493804,2.7,2503,378
2019,Kentucky,Non-Hispanic Black,52295,3522371,4.1,251,48
2019,Kentucky,Hispanic,52295,3522371,4.1,42,4
2019,Kentucky,Non-Hispanic White,52295,3522371,4.1,3286,564
2019,Louisiana,Non-Hispanic Black,51073,3585647,4.8,1112,242
2019,Louisiana,Hispanic,51073,3585647,4.8,80,9
2019,Louisiana,Non-Hispanic White,51073,3585647,4.8,2396,399
2019,Maryland,Non-Hispanic Black,86738,4857021,3.3,1493,299
2019,Maryland,Hispanic,86738,4857021,3.3,174,20
2019,Maryland,Non-Hispanic White,86738,4857021,3.3,3114,483
2019,Michigan,Non-Hispanic Black,59584,8060046,3.8,964,234
2019,Michigan,Hispanic,59584,8060046,3.8,124,20
2019,Michigan,Non-Hispanic White,59584,8060046,3.8,6622,1116
2019,Minnesota,Non-Hispanic Black,74593,4469109,3.3,132,26
2019,Minnesota,Hispanic,74593,4469109,3.3,66,6
2019,Minnesota,Non-Hispanic White,74593,4469109,3.3,4199,597
2019,Mississippi,Non-Hispanic Black,45792,2280895,5.6,794,179
2019,Mississippi,Hispanic,45792,2280895,5.6,14,0
2019,Mississippi,Non-Hispanic White,45792,2280895,5.6,1450,256
2019,Missouri,Non-Hispanic Black,57409,4824112,3.3,523,112
2019,Missouri,Hispanic,57409,4824112,3.3,60,7
2019,Missouri,Non-Hispanic White,57409,4824112,3.3,4420,716
2019,Nebraska,Non-Hispanic Black,63229,1499060,3.1,47,11
2019,Nebraska,Hispanic,63229,1499060,3.1,55,3
2019,Nebraska,Non-Hispanic White,63229,1499060,3.1,1340,227
2019,Nevada,Non-Hispanic Black,63276,2432219,4.2,93,45
2019,Nevada,Hispanic,63276,2432219,4.2,147,34
2019,Nevada,Non-Hispanic White,63276,2432219,4.2,823,270
2019,New Hampshire,Non-Hispanic Black,77933,1134660,2.6,6,0
2019,New Hampshire,Hispanic,77933,1134660,2.6,19,0
2019,New Hampshire,Non-Hispanic White,77933,1134660,2.6,1250,172
2019,New Jersey,Non-Hispanic Black,85751,7371512,3.9,967,206
2019,New Jersey,Hispanic,85751,7371512,3.9,875,95
2019,New Jersey,Non-Hispanic White,85751,7371512,3.9,5486,918
2019,New Mexico,Non-Hispanic Black,51945,1651902,5,22,5
2019,New Mexico,Hispanic,51945,1651902,5,537,88
2019,New Mexico,Non-Hispanic White,51945,1651902,5,840,170
2019,New York,Non-Hispanic Black,72108,16244544,4,2312,472
2019,New York,Hispanic,72108,16244544,4,1966,236
2019,New York,Non-Hispanic White,72108,16244544,4,11337,1708
2019,North Carolina,Non-Hispanic Black,57341,8175421,3.8,1823,359
2019,North Carolina,Hispanic,57341,8175421,3.8,255,27
2019,North Carolina,Non-Hispanic White,57341,8175421,3.8,6636,967
2019,Ohio,Non-Hispanic Black,58642,9313912,4.4,1050,236
2019,Ohio,Hispanic,58642,9313912,4.4,102,15
2019,Ohio,Non-Hispanic White,58642,9313912,4.4,8549,1476
2019,Oklahoma,Non-Hispanic Black,54449,3024834,3.1,187,45
2019,Oklahoma,Hispanic,54449,3024834,3.1,100,12
2019,Oklahoma,Non-Hispanic White,54449,3024834,3.1,2319,457
2019,Oregon,Non-Hispanic Black,67058,3418638,3.4,40,9
2019,Oregon,Hispanic,67058,3418638,3.4,162,15
2019,Oregon,Non-Hispanic White,67058,3418638,3.4,3095,504
2019,Pennsylvania,Non-Hispanic Black,63463,10425767,4.5,1007,235
2019,Pennsylvania,Hispanic,63463,10425767,4.5,315,34
2019,Pennsylvania,Non-Hispanic White,63463,10425767,4.5,9718,1675
2019,Rhode Island,Non-Hispanic Black,71169,894223,3.5,37,7
2019,Rhode Island,Hispanic,71169,894223,3.5,70,4
2019,Rhode Island,Non-Hispanic White,71169,894223,3.5,852,120
2019,South Carolina,Non-Hispanic Black,56227,4029822,2.7,1056,225
2019,South Carolina,Hispanic,56227,4029822,2.7,76,6
2019,South Carolina,Non-Hispanic White,56227,4029822,2.7,3115,482
2019,Tennessee,Non-Hispanic Black,56071,5426345,3.5,755,177
2019,Tennessee,Hispanic,56071,5426345,3.5,82,11
2019,Tennessee,Non-Hispanic White,56071,5426345,3.5,4362,770
2019,Texas,Non-Hispanic Black,64034,21943443,3.5,2151,492
2019,Texas,Hispanic,64034,21943443,3.5,4061,625
2019,Texas,Non-Hispanic White,64034,21943443,3.5,10638,1798
2019,Utah,Non-Hispanic Black,75780,2389917,2.4,8,0
2019,Utah,Hispanic,75780,2389917,2.4,147,16
2019,Utah,Non-Hispanic White,75780,2389917,2.4,1417,250
2019,Virginia,Non-Hispanic Black,76456,6743227,2.8,1274,271
2019,Virginia,Hispanic,76456,6743227,2.8,209,25
2019,Virginia,Non-Hispanic White,76456,6743227,2.8,4704,797
2019,Washington,Non-Hispanic Black,78687,6070251,3.8,142,27
2019,Washington,Hispanic,78687,6070251,3.8,267,29
2019,Washington,Non-Hispanic White,78687,6070251,3.8,4895,778
2019,Wisconsin,Non-Hispanic Black,64168,4684115,3.1,234,43
2019,Wisconsin,Hispanic,64168,4684115,3.1,104,10
2019,Wisconsin,Non-Hispanic White,64168,4684115,3.1,4466,657
