County,Description,Unit,2015,2016,2017,2018,2019
"Anderson, TX",Personal income (thousands of dollars) ,Thousands of dollars,1868364,1918588,1939647,2008104,2114625
"Anderson, TX",Population (persons) 1/,Number of persons,57707,57644,58288,58201,57884
"Anderson, TX",Per capita personal income (dollars) 2/,Dollars,32377,33283,33277,34503,36532
"Andrews, TX",Personal income (thousands of dollars) ,Thousands of dollars,831177,728104,805103,926151,990376
"Andrews, TX",Population (persons) 1/,Number of persons,17928,17622,17424,17858,18581
"Andrews, TX",Per capita personal income (dollars) 2/,Dollars,46362,41318,46207,51862,53300
"Angelina, TX",Personal income (thousands of dollars) ,Thousands of dollars,3381215,3281123,3312835,3404546,3490130
"Angelina, TX",Population (persons) 1/,Number of persons,87608,87387,87204,86493,86353
"Angelina, TX",Per capita personal income (dollars) 2/,Dollars,38595,37547,37989,39362,40417
"Aransas, TX",Personal income (thousands of dollars) ,Thousands of dollars,1212707,1127104,1179087,1207043,1294294
"Aransas, TX",Population (persons) 1/,Number of persons,24868,25283,25499,23364,23454
"Aransas, TX",Per capita personal income (dollars) 2/,Dollars,48766,44580,46241,51663,55184
"Archer, TX",Personal income (thousands of dollars) ,Thousands of dollars,416935,408913,422219,437039,468576
"Archer, TX",Population (persons) 1/,Number of persons,8674,8673,8664,8638,8536
"Archer, TX",Per capita personal income (dollars) 2/,Dollars,48067,47148,48733,50595,54894
"Armstrong, TX",Personal income (thousands of dollars) ,Thousands of dollars,82436,82605,85854,97260,101743
"Armstrong, TX",Population (persons) 1/,Number of persons,1890,1825,1850,1841,1833
"Armstrong, TX",Per capita personal income (dollars) 2/,Dollars,43617,45263,46408,52830,55506
"Atascosa, TX",Personal income (thousands of dollars) ,Thousands of dollars,1787591,1694454,1807702,1927918,1979947
"Atascosa, TX",Population (persons) 1/,Number of persons,47107,47163,47314,48252,48782
"Atascosa, TX",Per capita personal income (dollars) 2/,Dollars,37947,35928,38206,39955,40588
"Austin, TX",Personal income (thousands of dollars) ,Thousands of dollars,1498881,1437152,1463894,1505244,1628059
"Austin, TX",Population (persons) 1/,Number of persons,29548,29735,29826,30111,30231
"Austin, TX",Per capita personal income (dollars) 2/,Dollars,50727,48332,49081,49990,53854
"Bailey, TX",Personal income (thousands of dollars) ,Thousands of dollars,309644,274069,302212,293828,310561
"Bailey, TX",Population (persons) 1/,Number of persons,7308,7243,7106,7035,7009
"Bailey, TX",Per capita personal income (dollars) 2/,Dollars,42371,37839,42529,41767,44309
"Bandera, TX",Personal income (thousands of dollars) ,Thousands of dollars,901018,923552,968371,1035038,1107004
"Bandera, TX",Population (persons) 1/,Number of persons,19784,20047,20377,20578,20646
"Bandera, TX",Per capita personal income (dollars) 2/,Dollars,45543,46069,47523,50298,53618
"Bastrop, TX",Personal income (thousands of dollars) ,Thousands of dollars,2782797,2860609,3070153,3267330,3559572
"Bastrop, TX",Population (persons) 1/,Number of persons,82925,86111,88756,91415,94296
"Bastrop, TX",Per capita personal income (dollars) 2/,Dollars,33558,33220,34591,35742,37749
"Baylor, TX",Personal income (thousands of dollars) ,Thousands of dollars,153187,144651,151853,159111,168600
"Baylor, TX",Population (persons) 1/,Number of persons,3582,3602,3515,3521,3476
"Baylor, TX",Per capita personal income (dollars) 2/,Dollars,42766,40159,43201,45189,48504
"Bee, TX",Personal income (thousands of dollars) ,Thousands of dollars,907478,867785,904494,941222,986838
"Bee, TX",Population (persons) 1/,Number of persons,31830,31879,31511,31264,31236
"Bee, TX",Per capita personal income (dollars) 2/,Dollars,28510,27221,28704,30106,31593
"Bell, TX",Personal income (thousands of dollars) ,Thousands of dollars,13983271,14108289,14844056,15309775,16002569
"Bell, TX",Population (persons) 1/,Number of persons,337409,342649,349059,357320,365511
"Bell, TX",Per capita personal income (dollars) 2/,Dollars,41443,41174,42526,42846,43781
"Bexar, TX",Personal income (thousands of dollars) ,Thousands of dollars,81669876,82735996,87407034,93293274,93739999
"Bexar, TX",Population (persons) 1/,Number of persons,1888800,1920089,1947735,1971056,1991044
"Bexar, TX",Per capita personal income (dollars) 2/,Dollars,43239,43090,44876,47332,47081
"Blanco, TX",Personal income (thousands of dollars) ,Thousands of dollars,546999,555233,601291,637134,680805
"Blanco, TX",Population (persons) 1/,Number of persons,10650,10829,10929,11033,11251
"Blanco, TX",Per capita personal income (dollars) 2/,Dollars,51361,51273,55018,57748,60511
"Borden, TX",Personal income (thousands of dollars) ,Thousands of dollars,33015,29198,32856,45602,46388
"Borden, TX",Population (persons) 1/,Number of persons,623,620,625,601,601
"Borden, TX",Per capita personal income (dollars) 2/,Dollars,52994,47094,52570,75877,77185
"Bosque, TX",Personal income (thousands of dollars) ,Thousands of dollars,695762,703498,722878,775081,806682
"Bosque, TX",Population (persons) 1/,Number of persons,17681,17820,18056,18306,18265
"Bosque, TX",Per capita personal income (dollars) 2/,Dollars,39351,39478,40035,42340,44165
"Bowie, TX",Personal income (thousands of dollars) ,Thousands of dollars,3502281,3563536,3680167,3755326,3860409
"Bowie, TX",Population (persons) 1/,Number of persons,92800,93159,93139,93367,92882
"Bowie, TX",Per capita personal income (dollars) 2/,Dollars,37740,38252,39513,40221,41563
"Brazoria, TX",Personal income (thousands of dollars) ,Thousands of dollars,16056332,16432450,16957968,17563104,18828490
"Brazoria, TX",Population (persons) 1/,Number of persons,341978,349314,357445,363882,368338
"Brazoria, TX",Per capita personal income (dollars) 2/,Dollars,46951,47042,47442,48266,51117
"Brazos, TX",Personal income (thousands of dollars) ,Thousands of dollars,7791785,7947671,8495952,9174137,9569716
"Brazos, TX",Population (persons) 1/,Number of persons,217267,221000,225303,227520,231129
"Brazos, TX",Per capita personal income (dollars) 2/,Dollars,35863,35962,37709,40322,41404
"Brewster, TX",Personal income (thousands of dollars) ,Thousands of dollars,394511,406627,409252,441005,437471
"Brewster, TX",Population (persons) 1/,Number of persons,9306,9413,9558,9500,9437
"Brewster, TX",Per capita personal income (dollars) 2/,Dollars,42393,43198,42818,46422,46357
"Briscoe, TX",Personal income (thousands of dollars) ,Thousands of dollars,49163,50069,60959,64593,66870
"Briscoe, TX",Population (persons) 1/,Number of persons,1480,1441,1467,1457,1480
"Briscoe, TX",Per capita personal income (dollars) 2/,Dollars,33218,34746,41554,44333,45182
"Brooks, TX",Personal income (thousands of dollars) ,Thousands of dollars,251388,233759,236269,246869,259467
"Brooks, TX",Population (persons) 1/,Number of persons,7238,7262,7186,7138,7154
"Brooks, TX",Per capita personal income (dollars) 2/,Dollars,34732,32189,32879,34585,36269
"Brown, TX",Personal income (thousands of dollars) ,Thousands of dollars,1358476,1362845,1421219,1490405,1552114
"Brown, TX",Population (persons) 1/,Number of persons,37920,38285,38079,38049,38104
"Brown, TX",Per capita personal income (dollars) 2/,Dollars,35825,35597,37323,39171,40734
"Burleson, TX",Personal income (thousands of dollars) ,Thousands of dollars,745451,725622,771868,842523,889181
"Burleson, TX",Population (persons) 1/,Number of persons,17184,17346,17452,17634,17642
"Burleson, TX",Per capita personal income (dollars) 2/,Dollars,43381,41832,44228,47778,50401
"Burnet, TX",Personal income (thousands of dollars) ,Thousands of dollars,2016307,2046644,2158119,2340284,2579527
"Burnet, TX",Population (persons) 1/,Number of persons,44637,45711,46444,47204,48082
"Burnet, TX",Per capita personal income (dollars) 2/,Dollars,45171,44774,46467,49578,53648
"Caldwell, TX",Personal income (thousands of dollars) ,Thousands of dollars,1299541,1324051,1399338,1461006,1558669
"Caldwell, TX",Population (persons) 1/,Number of persons,41314,42220,43648,44692,45352
"Caldwell, TX",Per capita personal income (dollars) 2/,Dollars,31455,31361,32060,32691,34368
"Calhoun, TX",Personal income (thousands of dollars) ,Thousands of dollars,834395,808231,833216,958539,1155632
"Calhoun, TX",Population (persons) 1/,Number of persons,21359,21327,21015,20668,20365
"Calhoun, TX",Per capita personal income (dollars) 2/,Dollars,39065,37897,39649,46378,56746
"Callahan, TX",Personal income (thousands of dollars) ,Thousands of dollars,517665,513501,529441,567923,624632
"Callahan, TX",Population (persons) 1/,Number of persons,13417,13574,13715,13698,13620
"Callahan, TX",Per capita personal income (dollars) 2/,Dollars,38583,37830,38603,41460,45861
"Cameron, TX",Personal income (thousands of dollars) ,Thousands of dollars,11261161,11581945,11742422,12205997,12750515
"Cameron, TX",Population (persons) 1/,Number of persons,417572,419104,419418,419064,419958
"Cameron, TX",Per capita personal income (dollars) 2/,Dollars,26968,27635,27997,29127,30361
"Camp, TX",Personal income (thousands of dollars) ,Thousands of dollars,507102,475018,481727,492901,497324
"Camp, TX",Population (persons) 1/,Number of persons,12385,12385,12402,12484,12526
"Camp, TX",Per capita personal income (dollars) 2/,Dollars,40945,38354,38843,39483,39703
"Carson, TX",Personal income (thousands of dollars) ,Thousands of dollars,259451,250108,261293,260990,284966
"Carson, TX",Population (persons) 1/,Number of persons,5990,6064,5970,5928,5825
"Carson, TX",Per capita personal income (dollars) 2/,Dollars,43314,41245,43768,44027,48921
"Cass, TX",Personal income (thousands of dollars) ,Thousands of dollars,1050423,1048766,1060174,1104298,1141486
"Cass, TX",Population (persons) 1/,Number of persons,29365,29132,28902,28919,28658
"Cass, TX",Per capita personal income (dollars) 2/,Dollars,35771,36000,36682,38186,39831
"Castro, TX",Personal income (thousands of dollars) ,Thousands of dollars,569796,449865,492019,445230,494512
"Castro, TX",Population (persons) 1/,Number of persons,7743,7692,7625,7481,7430
"Castro, TX",Per capita personal income (dollars) 2/,Dollars,73589,58485,64527,59515,66556
"Chambers, TX",Personal income (thousands of dollars) ,Thousands of dollars,2019373,2105211,2201301,2353335,2581902
"Chambers, TX",Population (persons) 1/,Number of persons,39662,40942,42182,43212,44988
"Chambers, TX",Per capita personal income (dollars) 2/,Dollars,50915,51419,52186,54460,57391
"Cherokee, TX",Personal income (thousands of dollars) ,Thousands of dollars,1714164,1731306,1761781,1828055,1883379
"Cherokee, TX",Population (persons) 1/,Number of persons,50359,50426,50419,50383,50404
"Cherokee, TX",Per capita personal income (dollars) 2/,Dollars,34039,34334,34943,36283,37366
"Childress, TX",Personal income (thousands of dollars) ,Thousands of dollars,195272,199825,211850,215375,225099
"Childress, TX",Population (persons) 1/,Number of persons,6918,6895,6900,6857,6769
"Childress, TX",Per capita personal income (dollars) 2/,Dollars,28227,28981,30703,31410,33254
"Clay, TX",Personal income (thousands of dollars) ,Thousands of dollars,427019,430314,429218,451756,476005
"Clay, TX",Population (persons) 1/,Number of persons,10210,10087,10280,10195,10192
"Clay, TX",Per capita personal income (dollars) 2/,Dollars,41824,42660,41753,44312,46704
"Cochran, TX",Personal income (thousands of dollars) ,Thousands of dollars,95279,88293,108204,104943,104487
"Cochran, TX",Population (persons) 1/,Number of persons,2796,2701,2608,2548,2526
"Cochran, TX",Per capita personal income (dollars) 2/,Dollars,34077,32689,41489,41186,41365
"Coke, TX",Personal income (thousands of dollars) ,Thousands of dollars,132196,128375,129809,138077,142718
"Coke, TX",Population (persons) 1/,Number of persons,3203,3234,3254,3289,3284
"Coke, TX",Per capita personal income (dollars) 2/,Dollars,41273,39695,39892,41981,43459
"Coleman, TX",Personal income (thousands of dollars) ,Thousands of dollars,332682,312943,333051,343949,362144
"Coleman, TX",Population (persons) 1/,Number of persons,8089,8140,8085,8006,7736
"Coleman, TX",Per capita personal income (dollars) 2/,Dollars,41128,38445,41194,42961,46813
"Collin, TX",Personal income (thousands of dollars) ,Thousands of dollars,56511882,59594799,63355213,67968936,73362556
"Collin, TX",Population (persons) 1/,Number of persons,915540,944940,973451,1006852,1036005
"Collin, TX",Per capita personal income (dollars) 2/,Dollars,61725,63067,65083,67506,70813
"Collingsworth, TX",Personal income (thousands of dollars) ,Thousands of dollars,108200,105912,110541,110082,119760
"Collingsworth, TX",Population (persons) 1/,Number of persons,2875,2852,2780,2728,2698
"Collingsworth, TX",Per capita personal income (dollars) 2/,Dollars,37635,37136,39763,40353,44388
"Colorado, TX",Personal income (thousands of dollars) ,Thousands of dollars,927622,906359,977473,989020,1055583
"Colorado, TX",Population (persons) 1/,Number of persons,20423,20465,20569,20485,20529
"Colorado, TX",Per capita personal income (dollars) 2/,Dollars,45420,44288,47522,48280,51419
"Comal, TX",Personal income (thousands of dollars) ,Thousands of dollars,7157159,7627078,8258193,9029478,9825181
"Comal, TX",Population (persons) 1/,Number of persons,128381,133798,139977,147337,155373
"Comal, TX",Per capita personal income (dollars) 2/,Dollars,55749,57004,58997,61285,63236
"Comanche, TX",Personal income (thousands of dollars) ,Thousands of dollars,496524,491403,527857,553596,596691
"Comanche, TX",Population (persons) 1/,Number of persons,13318,13465,13427,13400,13495
"Comanche, TX",Per capita personal income (dollars) 2/,Dollars,37282,36495,39313,41313,44216
"Concho, TX",Personal income (thousands of dollars) ,Thousands of dollars,97310,90404,86315,91175,100065
"Concho, TX",Population (persons) 1/,Number of persons,4413,4559,3026,3048,3177
"Concho, TX",Per capita personal income (dollars) 2/,Dollars,22051,19830,28524,29913,31497
"Cooke, TX",Personal income (thousands of dollars) ,Thousands of dollars,1949996,1841976,2050268,2105432,2206710
"Cooke, TX",Population (persons) 1/,Number of persons,39328,39512,40111,40674,41346
"Cooke, TX",Per capita personal income (dollars) 2/,Dollars,49583,46618,51115,51764,53372
"Coryell, TX",Personal income (thousands of dollars) ,Thousands of dollars,2435141,2421076,2538721,2617724,2698824
"Coryell, TX",Population (persons) 1/,Number of persons,79419,78655,79227,79742,82242
"Coryell, TX",Per capita personal income (dollars) 2/,Dollars,30662,30781,32044,32827,32816
"Cottle, TX",Personal income (thousands of dollars) ,Thousands of dollars,72212,71854,82306,87108,74483
"Cottle, TX",Population (persons) 1/,Number of persons,1443,1405,1381,1384,1395
"Cottle, TX",Per capita personal income (dollars) 2/,Dollars,50043,51142,59599,62939,53393
"Crane, TX",Personal income (thousands of dollars) ,Thousands of dollars,203751,180987,202464,234523,253211
"Crane, TX",Population (persons) 1/,Number of persons,4939,4716,4607,4641,4672
"Crane, TX",Per capita personal income (dollars) 2/,Dollars,41253,38377,43947,50533,54198
"Crockett, TX",Personal income (thousands of dollars) ,Thousands of dollars,144138,133271,139339,149018,162139
"Crockett, TX",Population (persons) 1/,Number of persons,3511,3391,3237,3127,3108
"Crockett, TX",Per capita personal income (dollars) 2/,Dollars,41053,39301,43046,47655,52168
"Crosby, TX",Personal income (thousands of dollars) ,Thousands of dollars,174775,176701,194116,199553,216424
"Crosby, TX",Population (persons) 1/,Number of persons,5657,5596,5497,5350,5266
"Crosby, TX",Per capita personal income (dollars) 2/,Dollars,30895,31576,35313,37300,41098
"Culberson, TX",Personal income (thousands of dollars) ,Thousands of dollars,92633,96090,100468,118277,125641
"Culberson, TX",Population (persons) 1/,Number of persons,2275,2244,2259,2212,2186
"Culberson, TX",Per capita personal income (dollars) 2/,Dollars,40718,42821,44475,53471,57475
"Dallam, TX",Personal income (thousands of dollars) ,Thousands of dollars,531685,438350,472114,420379,458080
"Dallam, TX",Population (persons) 1/,Number of persons,7220,7224,7137,7136,7114
"Dallam, TX",Per capita personal income (dollars) 2/,Dollars,73641,60680,66150,58910,64391
"Dallas, TX",Personal income (thousands of dollars) ,Thousands of dollars,134890456,139929547,148697357,160273870,168511762
"Dallas, TX",Population (persons) 1/,Number of persons,2545351,2576641,2602961,2609791,2613082
"Dallas, TX",Per capita personal income (dollars) 2/,Dollars,52995,54307,57126,61413,64488
"Dawson, TX",Personal income (thousands of dollars) ,Thousands of dollars,425458,415514,470366,521503,507953
"Dawson, TX",Population (persons) 1/,Number of persons,12724,12671,12360,12133,12501
"Dawson, TX",Per capita personal income (dollars) 2/,Dollars,33437,32793,38056,42982,40633
"Deaf Smith, TX",Personal income (thousands of dollars) ,Thousands of dollars,1039679,915407,961885,896191,950051
"Deaf Smith, TX",Population (persons) 1/,Number of persons,18939,18966,18907,18873,18766
"Deaf Smith, TX",Per capita personal income (dollars) 2/,Dollars,54896,48266,50875,47485,50626
"Delta, TX",Personal income (thousands of dollars) ,Thousands of dollars,190222,199271,205968,205412,214174
"Delta, TX",Population (persons) 1/,Number of persons,5096,5063,5187,5218,5223
"Delta, TX",Per capita personal income (dollars) 2/,Dollars,37328,39358,39709,39366,41006
"Denton, TX",Personal income (thousands of dollars) ,Thousands of dollars,40678667,43322551,46165402,50432716,55032735
"Denton, TX",Population (persons) 1/,Number of persons,776489,804697,831192,854091,884027
"Denton, TX",Per capita personal income (dollars) 2/,Dollars,52388,53837,55541,59048,62252
"DeWitt, TX",Personal income (thousands of dollars) ,Thousands of dollars,1287781,1076686,1115148,1261598,1201875
"DeWitt, TX",Population (persons) 1/,Number of persons,20441,20371,19906,19751,19777
"DeWitt, TX",Per capita personal income (dollars) 2/,Dollars,63000,52854,56021,63875,60771
"Dickens, TX",Personal income (thousands of dollars) ,Thousands of dollars,69164,63858,68308,72108,74759
"Dickens, TX",Population (persons) 1/,Number of persons,1993,1945,1909,1880,1832
"Dickens, TX",Per capita personal income (dollars) 2/,Dollars,34703,32832,35782,38355,40807
"Dimmit, TX",Personal income (thousands of dollars) ,Thousands of dollars,390938,341055,359291,387605,433652
"Dimmit, TX",Population (persons) 1/,Number of persons,10121,9758,9262,9036,8844
"Dimmit, TX",Per capita personal income (dollars) 2/,Dollars,38626,34951,38792,42896,49033
"Donley, TX",Personal income (thousands of dollars) ,Thousands of dollars,149645,134398,140516,149650,144328
"Donley, TX",Population (persons) 1/,Number of persons,3369,3363,3306,3261,3228
"Donley, TX",Per capita personal income (dollars) 2/,Dollars,44418,39964,42503,45891,44711
"Duval, TX",Personal income (thousands of dollars) ,Thousands of dollars,419443,382124,393273,416889,433607
"Duval, TX",Population (persons) 1/,Number of persons,10640,10607,10325,10100,9996
"Duval, TX",Per capita personal income (dollars) 2/,Dollars,39421,36026,38089,41276,43378
"Eastland, TX",Personal income (thousands of dollars) ,Thousands of dollars,859332,875226,1134880,1446935,1198951
"Eastland, TX",Population (persons) 1/,Number of persons,17829,17848,17831,17770,17698
"Eastland, TX",Per capita personal income (dollars) 2/,Dollars,48199,49038,63646,81426,67745
"Ector, TX",Personal income (thousands of dollars) ,Thousands of dollars,6872617,6054790,6809471,7995785,8694234
"Ector, TX",Population (persons) 1/,Number of persons,158774,156471,155348,160126,164204
"Ector, TX",Per capita personal income (dollars) 2/,Dollars,43286,38696,43834,49934,52948
"Edwards, TX",Personal income (thousands of dollars) ,Thousands of dollars,79277,67706,71856,79759,90618
"Edwards, TX",Population (persons) 1/,Number of persons,1633,1588,1554,1486,1451
"Edwards, TX",Per capita personal income (dollars) 2/,Dollars,48547,42636,46239,53674,62452
"Ellis, TX",Personal income (thousands of dollars) ,Thousands of dollars,6674510,7105274,7591952,8148276,8896939
"Ellis, TX",Population (persons) 1/,Number of persons,164433,169716,175044,180984,186946
"Ellis, TX",Per capita personal income (dollars) 2/,Dollars,40591,41866,43372,45022,47591
"El Paso, TX",Personal income (thousands of dollars) ,Thousands of dollars,27581831,28128472,29146702,30502808,32579005
"El Paso, TX",Population (persons) 1/,Number of persons,843895,849067,853479,855382,859744
"El Paso, TX",Per capita personal income (dollars) 2/,Dollars,32684,33129,34150,35660,37894
"Erath, TX",Personal income (thousands of dollars) ,Thousands of dollars,1434493,1474463,1575856,1677491,1786301
"Erath, TX",Population (persons) 1/,Number of persons,40953,41079,41397,41851,42084
"Erath, TX",Per capita personal income (dollars) 2/,Dollars,35028,35893,38067,40082,42446
"Falls, TX",Personal income (thousands of dollars) ,Thousands of dollars,568426,568467,580642,603933,623461
"Falls, TX",Population (persons) 1/,Number of persons,17055,17088,17119,16973,16998
"Falls, TX",Per capita personal income (dollars) 2/,Dollars,33329,33267,33918,35582,36678
"Fannin, TX",Personal income (thousands of dollars) ,Thousands of dollars,1186028,1237068,1294273,1359411,1451379
"Fannin, TX",Population (persons) 1/,Number of persons,33416,33835,34448,35116,35392
"Fannin, TX",Per capita personal income (dollars) 2/,Dollars,35493,36562,37572,38712,41009
"Fayette, TX",Personal income (thousands of dollars) ,Thousands of dollars,1256769,1194602,1318569,1371281,1453676
"Fayette, TX",Population (persons) 1/,Number of persons,24371,24341,24345,24398,24327
"Fayette, TX",Per capita personal income (dollars) 2/,Dollars,51568,49078,54162,56205,59756
"Fisher, TX",Personal income (thousands of dollars) ,Thousands of dollars,154823,144131,152946,185761,172024
"Fisher, TX",Population (persons) 1/,Number of persons,3819,3807,3791,3711,3713
"Fisher, TX",Per capita personal income (dollars) 2/,Dollars,40540,37859,40345,50057,46330
"Floyd, TX",Personal income (thousands of dollars) ,Thousands of dollars,207446,196981,229914,225609,243463
"Floyd, TX",Population (persons) 1/,Number of persons,5688,5662,5617,5558,5484
"Floyd, TX",Per capita personal income (dollars) 2/,Dollars,36471,34790,40932,40592,44395
"Foard, TX",Personal income (thousands of dollars) ,Thousands of dollars,48932,44834,49949,55085,54389
"Foard, TX",Population (persons) 1/,Number of persons,1196,1164,1160,1142,1111
"Foard, TX",Per capita personal income (dollars) 2/,Dollars,40913,38517,43059,48236,48955
"Fort Bend, TX",Personal income (thousands of dollars) ,Thousands of dollars,45162751,41535281,44012359,46942726,50801732
"Fort Bend, TX",Population (persons) 1/,Number of persons,710457,738523,761104,780901,803054
"Fort Bend, TX",Per capita personal income (dollars) 2/,Dollars,63569,56241,57827,60114,63261
"Franklin, TX",Personal income (thousands of dollars) ,Thousands of dollars,392058,392069,421060,435933,458386
"Franklin, TX",Population (persons) 1/,Number of persons,10370,10411,10478,10410,10340
"Franklin, TX",Per capita personal income (dollars) 2/,Dollars,37807,37659,40185,41876,44331
"Freestone, TX",Personal income (thousands of dollars) ,Thousands of dollars,739891,691436,707081,746144,758065
"Freestone, TX",Population (persons) 1/,Number of persons,19527,19399,19351,19443,19368
"Freestone, TX",Per capita personal income (dollars) 2/,Dollars,37891,35643,36540,38376,39140
"Frio, TX",Personal income (thousands of dollars) ,Thousands of dollars,590564,545458,579890,602436,623735
"Frio, TX",Population (persons) 1/,Number of persons,18346,18347,18414,18506,18390
"Frio, TX",Per capita personal income (dollars) 2/,Dollars,32190,29730,31492,32554,33917
"Gaines, TX",Personal income (thousands of dollars) ,Thousands of dollars,770690,737676,822127,860278,975969
"Gaines, TX",Population (persons) 1/,Number of persons,20066,20310,20380,20575,21279
"Gaines, TX",Per capita personal income (dollars) 2/,Dollars,38408,36321,40340,41812,45865
"Galveston, TX",Personal income (thousands of dollars) ,Thousands of dollars,16377533,16181563,17046502,18043639,19442634
"Galveston, TX",Population (persons) 1/,Number of persons,324114,332744,339060,342653,347220
"Galveston, TX",Per capita personal income (dollars) 2/,Dollars,50530,48631,50276,52659,55995
"Garza, TX",Personal income (thousands of dollars) ,Thousands of dollars,193888,171997,186439,196428,196229
"Garza, TX",Population (persons) 1/,Number of persons,6155,5933,6161,5880,5850
"Garza, TX",Per capita personal income (dollars) 2/,Dollars,31501,28990,30261,33406,33543
"Gillespie, TX",Personal income (thousands of dollars) ,Thousands of dollars,1484693,1498641,1614061,1705742,1854342
"Gillespie, TX",Population (persons) 1/,Number of persons,25803,26091,26362,26525,26721
"Gillespie, TX",Per capita personal income (dollars) 2/,Dollars,57540,57439,61227,64307,69396
"Glasscock, TX",Personal income (thousands of dollars) ,Thousands of dollars,107647,93354,123256,134065,132385
"Glasscock, TX",Population (persons) 1/,Number of persons,1210,1168,1140,1137,1135
"Glasscock, TX",Per capita personal income (dollars) 2/,Dollars,88964,79926,108119,117911,116639
"Goliad, TX",Personal income (thousands of dollars) ,Thousands of dollars,324639,310216,320963,343955,360432
"Goliad, TX",Population (persons) 1/,Number of persons,7197,7137,7118,7082,7046
"Goliad, TX",Per capita personal income (dollars) 2/,Dollars,45108,43466,45092,48567,51154
"Gonzales, TX",Personal income (thousands of dollars) ,Thousands of dollars,986051,833854,893204,969704,958984
"Gonzales, TX",Population (persons) 1/,Number of persons,19834,19992,19829,19729,19730
"Gonzales, TX",Per capita personal income (dollars) 2/,Dollars,49715,41709,45045,49151,48605
"Gray, TX",Personal income (thousands of dollars) ,Thousands of dollars,1009493,871998,921124,933236,962484
"Gray, TX",Population (persons) 1/,Number of persons,22998,22406,21743,21614,21413
"Gray, TX",Per capita personal income (dollars) 2/,Dollars,43895,38918,42364,43177,44949
"Grayson, TX",Personal income (thousands of dollars) ,Thousands of dollars,4951574,5220294,5419633,5762135,6137645
"Grayson, TX",Population (persons) 1/,Number of persons,124603,127007,129542,131987,134094
"Grayson, TX",Per capita personal income (dollars) 2/,Dollars,39739,41102,41837,43657,45771
"Gregg, TX",Personal income (thousands of dollars) ,Thousands of dollars,5595526,5389125,5406296,5693377,5906642
"Gregg, TX",Population (persons) 1/,Number of persons,123866,123466,122951,123322,124048
"Gregg, TX",Per capita personal income (dollars) 2/,Dollars,45174,43649,43971,46167,47616
"Grimes, TX",Personal income (thousands of dollars) ,Thousands of dollars,966391,923597,984234,1025473,1089605
"Grimes, TX",Population (persons) 1/,Number of persons,27209,27367,27791,28127,28764
"Grimes, TX",Per capita personal income (dollars) 2/,Dollars,35517,33749,35416,36459,37881
"Guadalupe, TX",Personal income (thousands of dollars) ,Thousands of dollars,6478452,6696675,7183982,7506473,7995694
"Guadalupe, TX",Population (persons) 1/,Number of persons,151937,156132,161609,165658,169557
"Guadalupe, TX",Per capita personal income (dollars) 2/,Dollars,42639,42891,44453,45313,47156
"Hale, TX",Personal income (thousands of dollars) ,Thousands of dollars,1071410,1043708,1088162,1119119,1192593
"Hale, TX",Population (persons) 1/,Number of persons,33844,33864,33671,33242,32811
"Hale, TX",Per capita personal income (dollars) 2/,Dollars,31657,30821,32317,33666,36347
"Hall, TX",Personal income (thousands of dollars) ,Thousands of dollars,97983,88974,100292,94820,98464
"Hall, TX",Population (persons) 1/,Number of persons,3018,3022,2941,2923,2865
"Hall, TX",Per capita personal income (dollars) 2/,Dollars,32466,29442,34101,32439,34368
"Hamilton, TX",Personal income (thousands of dollars) ,Thousands of dollars,472777,458245,502549,513336,563141
"Hamilton, TX",Population (persons) 1/,Number of persons,7925,8051,8184,8230,8173
"Hamilton, TX",Per capita personal income (dollars) 2/,Dollars,59656,56918,61406,62374,68903
"Hansford, TX",Personal income (thousands of dollars) ,Thousands of dollars,458364,328757,344722,318094,351170
"Hansford, TX",Population (persons) 1/,Number of persons,5639,5557,5452,5436,5358
"Hansford, TX",Per capita personal income (dollars) 2/,Dollars,81285,59161,63229,58516,65541
"Hardeman, TX",Personal income (thousands of dollars) ,Thousands of dollars,154623,147240,152676,166527,168239
"Hardeman, TX",Population (persons) 1/,Number of persons,3689,3701,3635,3555,3525
"Hardeman, TX",Per capita personal income (dollars) 2/,Dollars,41915,39784,42002,46843,47727
"Hardin, TX",Personal income (thousands of dollars) ,Thousands of dollars,2411366,2456768,2548041,2660183,2765423
"Hardin, TX",Population (persons) 1/,Number of persons,54768,55110,55782,55570,55978
"Hardin, TX",Per capita personal income (dollars) 2/,Dollars,44029,44579,45679,47871,49402
"Harris, TX",Personal income (thousands of dollars) ,Thousands of dollars,248528847,236747445,255361808,274514924,284905380
"Harris, TX",Population (persons) 1/,Number of persons,4553991,4619635,4651955,4672445,4704042
"Harris, TX",Per capita personal income (dollars) 2/,Dollars,54574,51248,54893,58752,60566
"Harrison, TX",Personal income (thousands of dollars) ,Thousands of dollars,2739612,2638552,2708265,2802899,2986984
"Harrison, TX",Population (persons) 1/,Number of persons,67934,68114,68204,68622,68641
"Harrison, TX",Per capita personal income (dollars) 2/,Dollars,40328,38737,39708,40845,43516
"Hartley, TX",Personal income (thousands of dollars) ,Thousands of dollars,557590,394491,428610,357253,407021
"Hartley, TX",Population (persons) 1/,Number of persons,5661,5681,5641,5489,5433
"Hartley, TX",Per capita personal income (dollars) 2/,Dollars,98497,69440,75981,65085,74916
"Haskell, TX",Personal income (thousands of dollars) ,Thousands of dollars,204947,188140,199369,216132,254848
"Haskell, TX",Population (persons) 1/,Number of persons,5646,5546,5463,5425,5371
"Haskell, TX",Per capita personal income (dollars) 2/,Dollars,36300,33924,36494,39840,47449
"Hays, TX",Personal income (thousands of dollars) ,Thousands of dollars,7914757,8491043,9217649,9949490,11335317
"Hays, TX",Population (persons) 1/,Number of persons,195606,205852,216407,224748,232502
"Hays, TX",Per capita personal income (dollars) 2/,Dollars,40463,41248,42594,44270,48754
"Hemphill, TX",Personal income (thousands of dollars) ,Thousands of dollars,328422,241160,231018,223864,237048
"Hemphill, TX",Population (persons) 1/,Number of persons,4039,3827,3637,3511,3455
"Hemphill, TX",Per capita personal income (dollars) 2/,Dollars,81313,63015,63519,63761,68610
"Henderson, TX",Personal income (thousands of dollars) ,Thousands of dollars,2957794,3003895,3176486,3230257,3478135
"Henderson, TX",Population (persons) 1/,Number of persons,78809,79258,79990,81016,81532
"Henderson, TX",Per capita personal income (dollars) 2/,Dollars,37531,37900,39711,39872,42660
"Hidalgo, TX",Personal income (thousands of dollars) ,Thousands of dollars,21289111,21652455,22214659,23228255,24428598
"Hidalgo, TX",Population (persons) 1/,Number of persons,837320,846030,852699,858413,864536
"Hidalgo, TX",Per capita personal income (dollars) 2/,Dollars,25425,25593,26052,27060,28256
"Hill, TX",Personal income (thousands of dollars) ,Thousands of dollars,1315106,1320231,1375391,1471083,1555073
"Hill, TX",Population (persons) 1/,Number of persons,34338,34498,35009,35358,35607
"Hill, TX",Per capita personal income (dollars) 2/,Dollars,38299,38270,39287,41605,43673
"Hockley, TX",Personal income (thousands of dollars) ,Thousands of dollars,915247,853018,932393,942812,987192
"Hockley, TX",Population (persons) 1/,Number of persons,22536,22163,21951,21771,21752
"Hockley, TX",Per capita personal income (dollars) 2/,Dollars,40613,38488,42476,43306,45384
"Hood, TX",Personal income (thousands of dollars) ,Thousands of dollars,2618258,2711104,2942857,3079767,3350515
"Hood, TX",Population (persons) 1/,Number of persons,54544,55739,56976,59046,60379
"Hood, TX",Per capita personal income (dollars) 2/,Dollars,48003,48639,51651,52159,55491
"Hopkins, TX",Personal income (thousands of dollars) ,Thousands of dollars,1353964,1339344,1405779,1483127,1592076
"Hopkins, TX",Population (persons) 1/,Number of persons,35786,35942,36196,36393,36725
"Hopkins, TX",Per capita personal income (dollars) 2/,Dollars,37835,37264,38838,40753,43351
"Houston, TX",Personal income (thousands of dollars) ,Thousands of dollars,820952,824598,859531,899596,937438
"Houston, TX",Population (persons) 1/,Number of persons,22350,22421,22523,22409,22183
"Houston, TX",Per capita personal income (dollars) 2/,Dollars,36732,36778,38162,40144,42259
"Howard, TX",Personal income (thousands of dollars) ,Thousands of dollars,1319168,1279666,1362715,1588097,1640804
"Howard, TX",Population (persons) 1/,Number of persons,36199,35141,34563,34433,35147
"Howard, TX",Per capita personal income (dollars) 2/,Dollars,36442,36415,39427,46121,46684
"Hudspeth, TX",Personal income (thousands of dollars) ,Thousands of dollars,129169,145584,153556,107189,115875
"Hudspeth, TX",Population (persons) 1/,Number of persons,2838,3280,3408,3387,3312
"Hudspeth, TX",Per capita personal income (dollars) 2/,Dollars,45514,44385,45058,31647,34986
"Hunt, TX",Personal income (thousands of dollars) ,Thousands of dollars,3206064,3368750,3537801,3748986,4039320
"Hunt, TX",Population (persons) 1/,Number of persons,89908,92163,94343,96999,98936
"Hunt, TX",Per capita personal income (dollars) 2/,Dollars,35659,36552,37499,38650,40828
"Hutchinson, TX",Personal income (thousands of dollars) ,Thousands of dollars,883447,877071,851959,885811,904488
"Hutchinson, TX",Population (persons) 1/,Number of persons,21724,21453,21239,20956,20773
"Hutchinson, TX",Per capita personal income (dollars) 2/,Dollars,40667,40883,40113,42270,43542
"Irion, TX",Personal income (thousands of dollars) ,Thousands of dollars,110336,91359,104519,113562,111941
"Irion, TX",Population (persons) 1/,Number of persons,1533,1549,1494,1508,1527
"Irion, TX",Per capita personal income (dollars) 2/,Dollars,71974,58979,69959,75306,73308
"Jack, TX",Personal income (thousands of dollars) ,Thousands of dollars,372143,327048,356237,393250,355595
"Jack, TX",Population (persons) 1/,Number of persons,8599,8447,8436,8381,8441
"Jack, TX",Per capita personal income (dollars) 2/,Dollars,43277,38718,42228,46922,42127
"Jackson, TX",Personal income (thousands of dollars) ,Thousands of dollars,611576,583566,609225,632048,714656
"Jackson, TX",Population (persons) 1/,Number of persons,14882,14961,14902,14943,14891
"Jackson, TX",Per capita personal income (dollars) 2/,Dollars,41095,39006,40882,42297,47992
"Jasper, TX",Personal income (thousands of dollars) ,Thousands of dollars,1337047,1345327,1395522,1434868,1476486
"Jasper, TX",Population (persons) 1/,Number of persons,33984,33912,33802,33773,33354
"Jasper, TX",Per capita personal income (dollars) 2/,Dollars,39343,39671,41285,42486,44267
"Jeff Davis, TX",Personal income (thousands of dollars) ,Thousands of dollars,88471,90358,92796,97014,101540
"Jeff Davis, TX",Population (persons) 1/,Number of persons,2071,2078,2080,2044,2050
"Jeff Davis, TX",Per capita personal income (dollars) 2/,Dollars,42719,43483,44613,47463,49532
"Jefferson, TX",Personal income (thousands of dollars) ,Thousands of dollars,10651735,10523780,10840074,10950743,11201120
"Jefferson, TX",Population (persons) 1/,Number of persons,258169,259340,260118,257407,256612
"Jefferson, TX",Per capita personal income (dollars) 2/,Dollars,41259,40579,41674,42543,43650
"Jim Hogg, TX",Personal income (thousands of dollars) ,Thousands of dollars,164046,154957,157220,165527,175557
"Jim Hogg, TX",Population (persons) 1/,Number of persons,5112,5029,4939,4882,4850
"Jim Hogg, TX",Per capita personal income (dollars) 2/,Dollars,32090,30813,31832,33906,36197
"Jim Wells, TX",Personal income (thousands of dollars) ,Thousands of dollars,1654880,1552068,1623513,1649953,1700770
"Jim Wells, TX",Population (persons) 1/,Number of persons,40672,40182,39772,39464,39087
"Jim Wells, TX",Per capita personal income (dollars) 2/,Dollars,40688,38626,40821,41809,43512
"Johnson, TX",Personal income (thousands of dollars) ,Thousands of dollars,6186803,6431909,6924016,7429135,7973194
"Johnson, TX",Population (persons) 1/,Number of persons,159881,163463,167881,172186,177020
"Johnson, TX",Per capita personal income (dollars) 2/,Dollars,38696,39348,41244,43146,45041
"Jones, TX",Personal income (thousands of dollars) ,Thousands of dollars,578579,569206,580282,619277,666918
"Jones, TX",Population (persons) 1/,Number of persons,19863,19847,19689,19674,19687
"Jones, TX",Per capita personal income (dollars) 2/,Dollars,29128,28680,29472,31477,33876
"Karnes, TX",Personal income (thousands of dollars) ,Thousands of dollars,698138,685220,783371,950602,956037
"Karnes, TX",Population (persons) 1/,Number of persons,14976,14997,14990,15028,14605
"Karnes, TX",Per capita personal income (dollars) 2/,Dollars,46617,45690,52260,63255,65460
"Kaufman, TX",Personal income (thousands of dollars) ,Thousands of dollars,4527953,4818213,5225320,5621862,6197865
"Kaufman, TX",Population (persons) 1/,Number of persons,115625,119940,125045,131244,139711
"Kaufman, TX",Per capita personal income (dollars) 2/,Dollars,39161,40172,41788,42835,44362
"Kendall, TX",Personal income (thousands of dollars) ,Thousands of dollars,3225213,3483641,3702996,3756833,4077065
"Kendall, TX",Population (persons) 1/,Number of persons,38241,39778,41392,42567,43880
"Kendall, TX",Per capita personal income (dollars) 2/,Dollars,84339,87577,89462,88257,92914
"Kenedy, TX",Personal income (thousands of dollars) ,Thousands of dollars,19644,13783,16361,15474,15544
"Kenedy, TX",Population (persons) 1/,Number of persons,421,404,383,389,355
"Kenedy, TX",Per capita personal income (dollars) 2/,Dollars,46660,34116,42718,39779,43786
"Kent, TX",Personal income (thousands of dollars) ,Thousands of dollars,33964,35514,38511,41151,37765
"Kent, TX",Population (persons) 1/,Number of persons,733,732,739,704,734
"Kent, TX",Per capita personal income (dollars) 2/,Dollars,46336,48516,52112,58453,51451
"Kerr, TX",Personal income (thousands of dollars) ,Thousands of dollars,2433608,2428429,2608704,2720431,2859066
"Kerr, TX",Population (persons) 1/,Number of persons,50777,51330,51751,52206,52248
"Kerr, TX",Per capita personal income (dollars) 2/,Dollars,47927,47310,50409,52110,54721
"Kimble, TX",Personal income (thousands of dollars) ,Thousands of dollars,204432,194041,186937,192367,204834
"Kimble, TX",Population (persons) 1/,Number of persons,4332,4339,4304,4247,4266
"Kimble, TX",Per capita personal income (dollars) 2/,Dollars,47191,44720,43433,45295,48015
"King, TX",Personal income (thousands of dollars) ,Thousands of dollars,23591,21981,20593,23621,22108
"King, TX",Population (persons) 1/,Number of persons,273,281,278,265,256
"King, TX",Per capita personal income (dollars) 2/,Dollars,86414,78224,74076,89136,86359
"Kinney, TX",Personal income (thousands of dollars) ,Thousands of dollars,110590,105366,110361,115279,116711
"Kinney, TX",Population (persons) 1/,Number of persons,3316,3296,3312,3244,3175
"Kinney, TX",Per capita personal income (dollars) 2/,Dollars,33350,31968,33322,35536,36759
"Kleberg, TX",Personal income (thousands of dollars) ,Thousands of dollars,1171667,1134163,1177934,1218673,1259649
"Kleberg, TX",Population (persons) 1/,Number of persons,31735,31700,31200,31223,31064
"Kleberg, TX",Per capita personal income (dollars) 2/,Dollars,36920,35778,37754,39031,40550
"Knox, TX",Personal income (thousands of dollars) ,Thousands of dollars,140235,130033,137579,144382,143885
"Knox, TX",Population (persons) 1/,Number of persons,3617,3527,3439,3392,3373
"Knox, TX",Per capita personal income (dollars) 2/,Dollars,38771,36868,40006,42565,42658
"Lamar, TX",Personal income (thousands of dollars) ,Thousands of dollars,1883302,1949763,2031257,2053396,2169885
"Lamar, TX",Population (persons) 1/,Number of persons,49489,49661,49733,49811,49935
"Lamar, TX",Per capita personal income (dollars) 2/,Dollars,38055,39261,40843,41224,43454
"Lamb, TX",Personal income (thousands of dollars) ,Thousands of dollars,529047,482060,535545,538168,596510
"Lamb, TX",Population (persons) 1/,Number of persons,13414,13379,13387,13314,13155
"Lamb, TX",Per capita personal income (dollars) 2/,Dollars,39440,36031,40005,40421,45345
"Lampasas, TX",Personal income (thousands of dollars) ,Thousands of dollars,977179,987349,1030854,1074600,1125475
"Lampasas, TX",Population (persons) 1/,Number of persons,20324,20486,20812,21081,21356
"Lampasas, TX",Per capita personal income (dollars) 2/,Dollars,48080,48196,49532,50975,52701
"La Salle, TX",Personal income (thousands of dollars) ,Thousands of dollars,338490,267933,268124,305540,313344
"La Salle, TX",Population (persons) 1/,Number of persons,7175,7057,6916,6808,6763
"La Salle, TX",Per capita personal income (dollars) 2/,Dollars,47176,37967,38769,44880,46332
"Lavaca, TX",Personal income (thousands of dollars) ,Thousands of dollars,1021028,948295,1004472,1082135,1154253
"Lavaca, TX",Population (persons) 1/,Number of persons,19982,19960,20101,20184,20266
"Lavaca, TX",Per capita personal income (dollars) 2/,Dollars,51097,47510,49971,53614,56955
"Lee, TX",Personal income (thousands of dollars) ,Thousands of dollars,747241,744625,795582,822519,952556
"Lee, TX",Population (persons) 1/,Number of persons,16911,17023,17176,17195,17386
"Lee, TX",Per capita personal income (dollars) 2/,Dollars,44187,43742,46319,47835,54789
"Leon, TX",Personal income (thousands of dollars) ,Thousands of dollars,717473,647876,673748,700911,723094
"Leon, TX",Population (persons) 1/,Number of persons,16128,16120,15976,15870,15826
"Leon, TX",Per capita personal income (dollars) 2/,Dollars,44486,40191,42173,44166,45690
"Liberty, TX",Personal income (thousands of dollars) ,Thousands of dollars,2849035,2953050,3100448,3249771,3476826
"Liberty, TX",Population (persons) 1/,Number of persons,79899,81820,84170,86442,89153
"Liberty, TX",Per capita personal income (dollars) 2/,Dollars,35658,36092,36836,37595,38998
"Limestone, TX",Personal income (thousands of dollars) ,Thousands of dollars,788865,781482,811172,863777,898451
"Limestone, TX",Population (persons) 1/,Number of persons,22790,22701,22494,22255,22268
"Limestone, TX",Per capita personal income (dollars) 2/,Dollars,34615,34425,36062,38813,40347
"Lipscomb, TX",Personal income (thousands of dollars) ,Thousands of dollars,191678,178386,217071,240447,279475
"Lipscomb, TX",Population (persons) 1/,Number of persons,3516,3454,3308,3256,3150
"Lipscomb, TX",Per capita personal income (dollars) 2/,Dollars,54516,51646,65620,73847,88722
"Live Oak, TX",Personal income (thousands of dollars) ,Thousands of dollars,458508,378797,415395,449329,461181
"Live Oak, TX",Population (persons) 1/,Number of persons,11672,11445,11464,11337,11354
"Live Oak, TX",Per capita personal income (dollars) 2/,Dollars,39283,33097,36235,39634,40618
"Llano, TX",Personal income (thousands of dollars) ,Thousands of dollars,936515,962884,1014525,1068212,1144364
"Llano, TX",Population (persons) 1/,Number of persons,19746,20213,20714,21106,21174
"Llano, TX",Per capita personal income (dollars) 2/,Dollars,47428,47637,48978,50612,54046
"Loving, TX",Personal income (thousands of dollars) ,Thousands of dollars,4487,6176,7967,8509,7271
"Loving, TX",Population (persons) 1/,Number of persons,72,64,66,67,67
"Loving, TX",Per capita personal income (dollars) 2/,Dollars,62319,96500,120712,127000,108522
"Lubbock, TX",Personal income (thousands of dollars) ,Thousands of dollars,11977154,12232956,12614549,13350375,14078519
"Lubbock, TX",Population (persons) 1/,Number of persons,296895,300373,303393,305447,308094
"Lubbock, TX",Per capita personal income (dollars) 2/,Dollars,40341,40726,41578,43708,45696
"Lynn, TX",Personal income (thousands of dollars) ,Thousands of dollars,184324,173268,228527,235948,260677
"Lynn, TX",Population (persons) 1/,Number of persons,5538,5527,5538,5517,5581
"Lynn, TX",Per capita personal income (dollars) 2/,Dollars,33283,31349,41265,42767,46708
"McCulloch, TX",Personal income (thousands of dollars) ,Thousands of dollars,300313,284486,296619,316997,310193
"McCulloch, TX",Population (persons) 1/,Number of persons,8115,7958,7749,7750,7774
"McCulloch, TX",Per capita personal income (dollars) 2/,Dollars,37007,35748,38278,40903,39901
"McLennan, TX",Personal income (thousands of dollars) ,Thousands of dollars,9326876,9596980,10099227,10581527,11000967
"McLennan, TX",Population (persons) 1/,Number of persons,246111,248336,252532,255228,258232
"McLennan, TX",Per capita personal income (dollars) 2/,Dollars,37897,38645,39992,41459,42601
"McMullen, TX",Personal income (thousands of dollars) ,Thousands of dollars,92664,53681,55214,53525,58309
"McMullen, TX",Population (persons) 1/,Number of persons,756,723,672,626,620
"McMullen, TX",Per capita personal income (dollars) 2/,Dollars,122571,74248,82164,85503,94047
"Madison, TX",Personal income (thousands of dollars) ,Thousands of dollars,434637,414564,439793,455054,459261
"Madison, TX",Population (persons) 1/,Number of persons,13460,13534,13598,13622,13496
"Madison, TX",Per capita personal income (dollars) 2/,Dollars,32291,30631,32342,33406,34029
"Marion, TX",Personal income (thousands of dollars) ,Thousands of dollars,365192,359565,374295,388367,412016
"Marion, TX",Population (persons) 1/,Number of persons,10044,10005,9927,9748,9662
"Marion, TX",Per capita personal income (dollars) 2/,Dollars,36359,35939,37705,39841,42643
"Martin, TX",Personal income (thousands of dollars) ,Thousands of dollars,267825,246631,302843,385941,412543
"Martin, TX",Population (persons) 1/,Number of persons,5351,5286,5140,5220,5236
"Martin, TX",Per capita personal income (dollars) 2/,Dollars,50051,46657,58919,73935,78790
"Mason, TX",Personal income (thousands of dollars) ,Thousands of dollars,175517,165959,184334,201901,200197
"Mason, TX",Population (persons) 1/,Number of persons,3877,3933,3923,3960,3947
"Mason, TX",Per capita personal income (dollars) 2/,Dollars,45271,42197,46988,50985,50721
"Matagorda, TX",Personal income (thousands of dollars) ,Thousands of dollars,1518823,1502924,1533453,1580209,1661839
"Matagorda, TX",Population (persons) 1/,Number of persons,36515,36863,36525,36218,36244
"Matagorda, TX",Per capita personal income (dollars) 2/,Dollars,41594,40771,41984,43630,45851
"Maverick, TX",Personal income (thousands of dollars) ,Thousands of dollars,1616108,1610606,1681233,1788842,1883020
"Maverick, TX",Population (persons) 1/,Number of persons,57375,57580,57510,57544,57874
"Maverick, TX",Per capita personal income (dollars) 2/,Dollars,28167,27972,29234,31087,32537
"Medina, TX",Personal income (thousands of dollars) ,Thousands of dollars,1834548,1870158,1971907,2078779,2240221
"Medina, TX",Population (persons) 1/,Number of persons,47736,48412,49228,49805,50326
"Medina, TX",Per capita personal income (dollars) 2/,Dollars,38431,38630,40057,41738,44514
"Menard, TX",Personal income (thousands of dollars) ,Thousands of dollars,80661,74883,71023,79043,81282
"Menard, TX",Population (persons) 1/,Number of persons,2055,2004,2006,1980,1962
"Menard, TX",Per capita personal income (dollars) 2/,Dollars,39251,37367,35405,39921,41428
"Midland, TX",Personal income (thousands of dollars) ,Thousands of dollars,15041339,12785858,18715680,22942270,24411344
"Midland, TX",Population (persons) 1/,Number of persons,158779,159604,160364,166550,169588
"Midland, TX",Per capita personal income (dollars) 2/,Dollars,94731,80110,116707,137750,143945
"Milam, TX",Personal income (thousands of dollars) ,Thousands of dollars,919618,899607,901418,908705,943004
"Milam, TX",Population (persons) 1/,Number of persons,24373,24689,24919,24984,24735
"Milam, TX",Per capita personal income (dollars) 2/,Dollars,37731,36438,36174,36371,38124
"Mills, TX",Personal income (thousands of dollars) ,Thousands of dollars,188195,177013,184734,191327,198238
"Mills, TX",Population (persons) 1/,Number of persons,4675,4635,4631,4538,4506
"Mills, TX",Per capita personal income (dollars) 2/,Dollars,40256,38191,39891,42161,43994
"Mitchell, TX",Personal income (thousands of dollars) ,Thousands of dollars,276468,254398,265442,287575,292811
"Mitchell, TX",Population (persons) 1/,Number of persons,9288,8966,8782,8825,8861
"Mitchell, TX",Per capita personal income (dollars) 2/,Dollars,29766,28374,30226,32586,33045
"Montague, TX",Personal income (thousands of dollars) ,Thousands of dollars,822184,740304,777343,820825,847155
"Montague, TX",Population (persons) 1/,Number of persons,19258,19392,19414,19603,19854
"Montague, TX",Per capita personal income (dollars) 2/,Dollars,42693,38176,40040,41872,42669
"Montgomery, TX",Personal income (thousands of dollars) ,Thousands of dollars,32711443,31778939,35887018,37310451,39946816
"Montgomery, TX",Population (persons) 1/,Number of persons,535326,554601,570650,589069,606342
"Montgomery, TX",Per capita personal income (dollars) 2/,Dollars,61106,57301,62888,63338,65882
"Moore, TX",Personal income (thousands of dollars) ,Thousands of dollars,927558,873785,919319,915237,1009088
"Moore, TX",Population (persons) 1/,Number of persons,22041,22032,22027,21560,21496
"Moore, TX",Per capita personal income (dollars) 2/,Dollars,42083,39660,41736,42451,46943
"Morris, TX",Personal income (thousands of dollars) ,Thousands of dollars,523743,498084,510831,504906,494007
"Morris, TX",Population (persons) 1/,Number of persons,12140,12156,12055,11925,11956
"Morris, TX",Per capita personal income (dollars) 2/,Dollars,43142,40974,42375,42340,41319
"Motley, TX",Personal income (thousands of dollars) ,Thousands of dollars,35140,32787,34792,37218,38832
"Motley, TX",Population (persons) 1/,Number of persons,1078,1087,1127,1121,1078
"Motley, TX",Per capita personal income (dollars) 2/,Dollars,32597,30163,30871,33201,36022
"Nacogdoches, TX",Personal income (thousands of dollars) ,Thousands of dollars,2357279,2304221,2408279,2492935,2567449
"Nacogdoches, TX",Population (persons) 1/,Number of persons,65393,65455,65141,64937,64728
"Nacogdoches, TX",Per capita personal income (dollars) 2/,Dollars,36048,35203,36970,38390,39665
"Navarro, TX",Personal income (thousands of dollars) ,Thousands of dollars,1739082,1772505,1822535,1929609,2049649
"Navarro, TX",Population (persons) 1/,Number of persons,49177,49612,50159,51195,51832
"Navarro, TX",Per capita personal income (dollars) 2/,Dollars,35364,35727,36335,37691,39544
"Newton, TX",Personal income (thousands of dollars) ,Thousands of dollars,429350,428883,444621,460657,480852
"Newton, TX",Population (persons) 1/,Number of persons,13470,13342,12980,12740,12517
"Newton, TX",Per capita personal income (dollars) 2/,Dollars,31875,32145,34254,36158,38416
"Nolan, TX",Personal income (thousands of dollars) ,Thousands of dollars,591937,583814,614218,648995,672864
"Nolan, TX",Population (persons) 1/,Number of persons,15069,15012,14832,14753,14730
"Nolan, TX",Per capita personal income (dollars) 2/,Dollars,39282,38890,41412,43991,45680
"Nueces, TX",Personal income (thousands of dollars) ,Thousands of dollars,15490528,14641103,15452239,15689799,16689389
"Nueces, TX",Population (persons) 1/,Number of persons,355459,355628,354233,354090,353277
"Nueces, TX",Per capita personal income (dollars) 2/,Dollars,43579,41170,43622,44310,47242
"Ochiltree, TX",Personal income (thousands of dollars) ,Thousands of dollars,709679,537283,561988,565750,594253
"Ochiltree, TX",Population (persons) 1/,Number of persons,10896,10494,10269,10159,10148
"Ochiltree, TX",Per capita personal income (dollars) 2/,Dollars,65132,51199,54727,55690,58559
"Oldham, TX",Personal income (thousands of dollars) ,Thousands of dollars,129537,110774,113631,111187,112192
"Oldham, TX",Population (persons) 1/,Number of persons,1870,1842,1838,1817,1778
"Oldham, TX",Per capita personal income (dollars) 2/,Dollars,69271,60138,61823,61193,63100
"Orange, TX",Personal income (thousands of dollars) ,Thousands of dollars,3536116,3605026,3690938,3752870,3839928
"Orange, TX",Population (persons) 1/,Number of persons,84973,85787,86379,84680,84733
"Orange, TX",Per capita personal income (dollars) 2/,Dollars,41615,42023,42730,44318,45318
"Palo Pinto, TX",Personal income (thousands of dollars) ,Thousands of dollars,1052536,1046425,1111956,1177759,1281045
"Palo Pinto, TX",Population (persons) 1/,Number of persons,27526,27606,27937,28135,28313
"Palo Pinto, TX",Per capita personal income (dollars) 2/,Dollars,38238,37906,39802,41861,45246
"Panola, TX",Personal income (thousands of dollars) ,Thousands of dollars,1017254,920381,971168,1071877,1097838
"Panola, TX",Population (persons) 1/,Number of persons,23307,22991,22688,22529,22496
"Panola, TX",Per capita personal income (dollars) 2/,Dollars,43646,40032,42805,47578,48801
"Parker, TX",Personal income (thousands of dollars) ,Thousands of dollars,6337723,6611383,7094471,7676607,8462292
"Parker, TX",Population (persons) 1/,Number of persons,126234,129676,134407,139183,144223
"Parker, TX",Per capita personal income (dollars) 2/,Dollars,50206,50984,52783,55155,58675
"Parmer, TX",Personal income (thousands of dollars) ,Thousands of dollars,607799,446315,464536,438021,494442
"Parmer, TX",Population (persons) 1/,Number of persons,9964,9969,9924,9934,9852
"Parmer, TX",Per capita personal income (dollars) 2/,Dollars,60999,44770,46809,44093,50187
"Pecos, TX",Personal income (thousands of dollars) ,Thousands of dollars,533820,509990,541387,604432,629468
"Pecos, TX",Population (persons) 1/,Number of persons,15732,15511,15236,15228,15256
"Pecos, TX",Per capita personal income (dollars) 2/,Dollars,33932,32879,35533,39692,41260
"Polk, TX",Personal income (thousands of dollars) ,Thousands of dollars,1804806,1837070,1929788,2009716,2140497
"Polk, TX",Population (persons) 1/,Number of persons,45485,46278,47302,48037,49075
"Polk, TX",Per capita personal income (dollars) 2/,Dollars,39679,39696,40797,41837,43617
"Potter, TX",Personal income (thousands of dollars) ,Thousands of dollars,4951418,4885523,5073431,5291854,5629486
"Potter, TX",Population (persons) 1/,Number of persons,122376,121814,121595,120124,118786
"Potter, TX",Per capita personal income (dollars) 2/,Dollars,40461,40106,41724,44053,47392
"Presidio, TX",Personal income (thousands of dollars) ,Thousands of dollars,279890,279005,287361,311688,312910
"Presidio, TX",Population (persons) 1/,Number of persons,6819,6839,6730,6422,6239
"Presidio, TX",Per capita personal income (dollars) 2/,Dollars,41046,40796,42699,48534,50154
"Rains, TX",Personal income (thousands of dollars) ,Thousands of dollars,362619,378887,404304,421404,444535
"Rains, TX",Population (persons) 1/,Number of persons,10961,11089,11479,11782,12086
"Rains, TX",Per capita personal income (dollars) 2/,Dollars,33083,34168,35221,35767,36781
"Randall, TX",Personal income (thousands of dollars) ,Thousands of dollars,6072987,6172521,6381803,6604892,6992146
"Randall, TX",Population (persons) 1/,Number of persons,131106,133240,135055,136787,138952
"Randall, TX",Per capita personal income (dollars) 2/,Dollars,46321,46326,47253,48286,50321
"Reagan, TX",Personal income (thousands of dollars) ,Thousands of dollars,170777,153425,162670,204695,200825
"Reagan, TX",Population (persons) 1/,Number of persons,3565,3444,3388,3366,3426
"Reagan, TX",Per capita personal income (dollars) 2/,Dollars,47904,44548,48014,60813,58618
"Real, TX",Personal income (thousands of dollars) ,Thousands of dollars,115740,111612,116895,123517,130756
"Real, TX",Population (persons) 1/,Number of persons,2949,2965,2925,2916,2842
"Real, TX",Per capita personal income (dollars) 2/,Dollars,39247,37643,39964,42358,46008
"Red River, TX",Personal income (thousands of dollars) ,Thousands of dollars,470972,481990,490715,501879,534179
"Red River, TX",Population (persons) 1/,Number of persons,12108,11899,11846,11777,11689
"Red River, TX",Per capita personal income (dollars) 2/,Dollars,38898,40507,41425,42615,45699
"Reeves, TX",Personal income (thousands of dollars) ,Thousands of dollars,472948,461245,536234,677963,761016
"Reeves, TX",Population (persons) 1/,Number of persons,14936,14484,14314,14526,14847
"Reeves, TX",Per capita personal income (dollars) 2/,Dollars,31665,31845,37462,46672,51257
"Refugio, TX",Personal income (thousands of dollars) ,Thousands of dollars,338413,300164,301463,312391,321978
"Refugio, TX",Population (persons) 1/,Number of persons,7260,7191,7082,6816,6708
"Refugio, TX",Per capita personal income (dollars) 2/,Dollars,46613,41742,42567,45832,47999
"Roberts, TX",Personal income (thousands of dollars) ,Thousands of dollars,44275,38958,42928,43188,42798
"Roberts, TX",Population (persons) 1/,Number of persons,912,917,945,898,846
"Roberts, TX",Per capita personal income (dollars) 2/,Dollars,48547,42484,45426,48094,50589
"Robertson, TX",Personal income (thousands of dollars) ,Thousands of dollars,698042,674373,694737,726398,752722
"Robertson, TX",Population (persons) 1/,Number of persons,16481,16573,16858,16901,16730
"Robertson, TX",Per capita personal income (dollars) 2/,Dollars,42354,40691,41211,42980,44992
"Rockwall, TX",Personal income (thousands of dollars) ,Thousands of dollars,5046704,5401724,5856721,6203995,6826058
"Rockwall, TX",Population (persons) 1/,Number of persons,89927,93169,96460,100006,104174
"Rockwall, TX",Per capita personal income (dollars) 2/,Dollars,56120,57978,60717,62036,65526
"Runnels, TX",Personal income (thousands of dollars) ,Thousands of dollars,390924,383399,393110,405128,441237
"Runnels, TX",Population (persons) 1/,Number of persons,10140,9999,9937,9788,9837
"Runnels, TX",Per capita personal income (dollars) 2/,Dollars,38553,38344,39560,41390,44855
"Rusk, TX",Personal income (thousands of dollars) ,Thousands of dollars,1924532,1839154,1927920,2021942,2092031
"Rusk, TX",Population (persons) 1/,Number of persons,51843,51585,52662,52554,52485
"Rusk, TX",Per capita personal income (dollars) 2/,Dollars,37122,35653,36609,38474,39860
"Sabine, TX",Personal income (thousands of dollars) ,Thousands of dollars,359245,353079,356434,373805,384641
"Sabine, TX",Population (persons) 1/,Number of persons,10128,10008,9979,10033,9924
"Sabine, TX",Per capita personal income (dollars) 2/,Dollars,35470,35280,35718,37258,38759
"San Augustine, TX",Personal income (thousands of dollars) ,Thousands of dollars,303909,295019,306208,328927,358640
"San Augustine, TX",Population (persons) 1/,Number of persons,8175,8077,8066,7985,7924
"San Augustine, TX",Per capita personal income (dollars) 2/,Dollars,37175,36526,37963,41193,45260
"San Jacinto, TX",Personal income (thousands of dollars) ,Thousands of dollars,901354,933374,972467,1024396,1136358
"San Jacinto, TX",Population (persons) 1/,Number of persons,26495,26681,26983,27282,27246
"San Jacinto, TX",Per capita personal income (dollars) 2/,Dollars,34020,34983,36040,37548,41707
"San Patricio, TX",Personal income (thousands of dollars) ,Thousands of dollars,2873233,2830802,2859644,3001723,3128937
"San Patricio, TX",Population (persons) 1/,Number of persons,67992,68365,68426,67935,68180
"San Patricio, TX",Per capita personal income (dollars) 2/,Dollars,42258,41407,41792,44185,45892
"San Saba, TX",Personal income (thousands of dollars) ,Thousands of dollars,207416,222206,228650,250170,252193
"San Saba, TX",Population (persons) 1/,Number of persons,5768,5733,5775,5805,5731
"San Saba, TX",Per capita personal income (dollars) 2/,Dollars,35960,38759,39593,43096,44005
"Schleicher, TX",Personal income (thousands of dollars) ,Thousands of dollars,136638,123268,108202,118668,117651
"Schleicher, TX",Population (persons) 1/,Number of persons,2997,2836,2739,2612,2507
"Schleicher, TX",Per capita personal income (dollars) 2/,Dollars,45592,43465,39504,45432,46929
"Scurry, TX",Personal income (thousands of dollars) ,Thousands of dollars,786812,662962,699799,728328,753462
"Scurry, TX",Population (persons) 1/,Number of persons,17711,17589,17215,17057,16897
"Scurry, TX",Per capita personal income (dollars) 2/,Dollars,44425,37692,40651,42700,44591
"Shackelford, TX",Personal income (thousands of dollars) ,Thousands of dollars,360777,278982,353808,365630,299246
"Shackelford, TX",Population (persons) 1/,Number of persons,3238,3226,3163,3116,3112
"Shackelford, TX",Per capita personal income (dollars) 2/,Dollars,111420,86479,111858,117340,96159
"Shelby, TX",Personal income (thousands of dollars) ,Thousands of dollars,1080883,951238,1010647,1076052,1057363
"Shelby, TX",Population (persons) 1/,Number of persons,24847,24960,24507,24490,24389
"Shelby, TX",Per capita personal income (dollars) 2/,Dollars,43502,38110,41239,43938,43354
"Sherman, TX",Personal income (thousands of dollars) ,Thousands of dollars,343937,230269,286615,243093,279248
"Sherman, TX",Population (persons) 1/,Number of persons,2923,2899,2860,2889,2794
"Sherman, TX",Per capita personal income (dollars) 2/,Dollars,117666,79430,100215,84144,99946
"Smith, TX",Personal income (thousands of dollars) ,Thousands of dollars,10714581,10589210,12061487,12914436,13103925
"Smith, TX",Population (persons) 1/,Number of persons,221620,224176,225978,228497,231360
"Smith, TX",Per capita personal income (dollars) 2/,Dollars,48347,47236,53375,56519,56639
"Somervell, TX",Personal income (thousands of dollars) ,Thousands of dollars,382887,388754,407220,413001,444728
"Somervell, TX",Population (persons) 1/,Number of persons,8656,8706,8901,9077,9191
"Somervell, TX",Per capita personal income (dollars) 2/,Dollars,44234,44654,45750,45500,48387
"Starr, TX",Personal income (thousands of dollars) ,Thousands of dollars,1575944,1572157,1636790,1732909,1808023
"Starr, TX",Population (persons) 1/,Number of persons,64198,64644,64988,65274,65708
"Starr, TX",Per capita personal income (dollars) 2/,Dollars,24548,24320,25186,26548,27516
"Stephens, TX",Personal income (thousands of dollars) ,Thousands of dollars,406695,351013,333420,401192,416361
"Stephens, TX",Population (persons) 1/,Number of persons,9247,9227,9108,9211,9133
"Stephens, TX",Per capita personal income (dollars) 2/,Dollars,43981,38042,36607,43556,45589
"Sterling, TX",Personal income (thousands of dollars) ,Thousands of dollars,78155,73465,76406,83457,81636
"Sterling, TX",Population (persons) 1/,Number of persons,1365,1379,1332,1360,1355
"Sterling, TX",Per capita personal income (dollars) 2/,Dollars,57256,53274,57362,61365,60248
"Stonewall, TX",Personal income (thousands of dollars) ,Thousands of dollars,70185,69307,80676,81452,76843
"Stonewall, TX",Population (persons) 1/,Number of persons,1344,1338,1299,1262,1244
"Stonewall, TX",Per capita personal income (dollars) 2/,Dollars,52221,51799,62106,64542,61771
"Sutton, TX",Personal income (thousands of dollars) ,Thousands of dollars,257664,213477,225503,241232,244645
"Sutton, TX",Population (persons) 1/,Number of persons,3711,3658,3522,3442,3434
"Sutton, TX",Per capita personal income (dollars) 2/,Dollars,69432,58359,64027,70085,71242
"Swisher, TX",Personal income (thousands of dollars) ,Thousands of dollars,426720,343663,389094,379850,401283
"Swisher, TX",Population (persons) 1/,Number of persons,7275,7198,7163,7088,7050
"Swisher, TX",Per capita personal income (dollars) 2/,Dollars,58656,47744,54320,53591,56920
"Tarrant, TX",Personal income (thousands of dollars) ,Thousands of dollars,95826538,95794165,102822020,108584159,110587518
"Tarrant, TX",Population (persons) 1/,Number of persons,1981641,2019017,2050348,2074231,2093553
"Tarrant, TX",Per capita personal income (dollars) 2/,Dollars,48357,47446,50149,52349,52823
"Taylor, TX",Personal income (thousands of dollars) ,Thousands of dollars,5852150,5769757,5947336,6343539,6710260
"Taylor, TX",Population (persons) 1/,Number of persons,138299,138821,139511,140633,141880
"Taylor, TX",Per capita personal income (dollars) 2/,Dollars,42315,41563,42630,45107,47295
"Terrell, TX",Personal income (thousands of dollars) ,Thousands of dollars,41930,39981,36806,37012,37614
"Terrell, TX",Population (persons) 1/,Number of persons,889,844,844,830,792
"Terrell, TX",Per capita personal income (dollars) 2/,Dollars,47165,47371,43609,44593,47492
"Terry, TX",Personal income (thousands of dollars) ,Thousands of dollars,412955,385801,440317,434927,457617
"Terry, TX",Population (persons) 1/,Number of persons,12551,12517,12144,11992,11996
"Terry, TX",Per capita personal income (dollars) 2/,Dollars,32902,30822,36258,36268,38147
"Throckmorton, TX",Personal income (thousands of dollars) ,Thousands of dollars,68618,55066,51908,57718,62707
"Throckmorton, TX",Population (persons) 1/,Number of persons,1534,1514,1478,1450,1434
"Throckmorton, TX",Per capita personal income (dollars) 2/,Dollars,44731,36371,35120,39806,43729
"Titus, TX",Personal income (thousands of dollars) ,Thousands of dollars,1109107,1076265,1121061,1187957,1224322
"Titus, TX",Population (persons) 1/,Number of persons,31754,31448,31479,31430,31249
"Titus, TX",Per capita personal income (dollars) 2/,Dollars,34928,34224,35613,37797,39180
"Tom Green, TX",Personal income (thousands of dollars) ,Thousands of dollars,5120202,4959872,5230450,5730301,6218582
"Tom Green, TX",Population (persons) 1/,Number of persons,117629,117805,117815,118377,119513
"Tom Green, TX",Per capita personal income (dollars) 2/,Dollars,43528,42102,44395,48407,52033
"Travis, TX",Personal income (thousands of dollars) ,Thousands of dollars,69980633,72371556,80100053,87388665,93065302
"Travis, TX",Population (persons) 1/,Number of persons,1178026,1203850,1224476,1243324,1269667
"Travis, TX",Per capita personal income (dollars) 2/,Dollars,59405,60117,65416,70286,73299
"Trinity, TX",Personal income (thousands of dollars) ,Thousands of dollars,487119,498384,503454,524687,564561
"Trinity, TX",Population (persons) 1/,Number of persons,13898,13773,13791,13664,13549
"Trinity, TX",Per capita personal income (dollars) 2/,Dollars,35050,36186,36506,38399,41668
"Tyler, TX",Personal income (thousands of dollars) ,Thousands of dollars,668566,668977,664798,690854,721163
"Tyler, TX",Population (persons) 1/,Number of persons,20445,20314,20220,20138,19903
"Tyler, TX",Per capita personal income (dollars) 2/,Dollars,32701,32932,32878,34306,36234
"Upshur, TX",Personal income (thousands of dollars) ,Thousands of dollars,1444691,1396764,1447454,1537944,1609587
"Upshur, TX",Population (persons) 1/,Number of persons,39757,40102,40279,40213,40641
"Upshur, TX",Per capita personal income (dollars) 2/,Dollars,36338,34830,35936,38245,39605
"Upton, TX",Personal income (thousands of dollars) ,Thousands of dollars,168542,144673,157792,164911,171425
"Upton, TX",Population (persons) 1/,Number of persons,3485,3491,3420,3366,3346
"Upton, TX",Per capita personal income (dollars) 2/,Dollars,48362,41442,46138,48993,51233
"Uvalde, TX",Personal income (thousands of dollars) ,Thousands of dollars,1069438,1014527,1060684,1078699,1114719
"Uvalde, TX",Population (persons) 1/,Number of persons,25790,25700,25478,25015,24795
"Uvalde, TX",Per capita personal income (dollars) 2/,Dollars,41467,39476,41631,43122,44957
"Val Verde, TX",Personal income (thousands of dollars) ,Thousands of dollars,1681502,1691289,1718862,1778902,1904875
"Val Verde, TX",Population (persons) 1/,Number of persons,48120,48018,48045,47881,47734
"Val Verde, TX",Per capita personal income (dollars) 2/,Dollars,34944,35222,35776,37153,39906
"Van Zandt, TX",Personal income (thousands of dollars) ,Thousands of dollars,1890605,1962991,2076996,2180336,2315291
"Van Zandt, TX",Population (persons) 1/,Number of persons,54450,55645,56597,57710,58659
"Van Zandt, TX",Per capita personal income (dollars) 2/,Dollars,34722,35277,36698,37781,39470
"Victoria, TX",Personal income (thousands of dollars) ,Thousands of dollars,4244752,3938611,4138868,4389009,4859450
"Victoria, TX",Population (persons) 1/,Number of persons,91775,91998,91518,91268,91388
"Victoria, TX",Per capita personal income (dollars) 2/,Dollars,46252,42812,45225,48089,53174
"Walker, TX",Personal income (thousands of dollars) ,Thousands of dollars,1896362,1952233,1988983,2128696,2280231
"Walker, TX",Population (persons) 1/,Number of persons,72998,74442,75863,76585,75613
"Walker, TX",Per capita personal income (dollars) 2/,Dollars,25978,26225,26218,27795,30157
"Waller, TX",Personal income (thousands of dollars) ,Thousands of dollars,1805017,1898658,2038701,2229127,2521924
"Waller, TX",Population (persons) 1/,Number of persons,48621,50010,51672,53492,55221
"Waller, TX",Per capita personal income (dollars) 2/,Dollars,37124,37966,39455,41672,45670
"Ward, TX",Personal income (thousands of dollars) ,Thousands of dollars,471761,421531,470767,587519,653618
"Ward, TX",Population (persons) 1/,Number of persons,11412,11315,11082,11347,11590
"Ward, TX",Per capita personal income (dollars) 2/,Dollars,41339,37254,42480,51777,56395
"Washington, TX",Personal income (thousands of dollars) ,Thousands of dollars,1730546,1671081,1773866,1960213,1993554
"Washington, TX",Population (persons) 1/,Number of persons,34855,34729,34850,35539,35685
"Washington, TX",Per capita personal income (dollars) 2/,Dollars,49650,48118,50900,55157,55865
"Webb, TX",Personal income (thousands of dollars) ,Thousands of dollars,8089639,8185993,8394768,8759698,9279652
"Webb, TX",Population (persons) 1/,Number of persons,264372,265778,266072,266391,266986
"Webb, TX",Per capita personal income (dollars) 2/,Dollars,30599,30800,31551,32883,34757
"Wharton, TX",Personal income (thousands of dollars) ,Thousands of dollars,1737304,1686751,1760897,1815227,1938113
"Wharton, TX",Population (persons) 1/,Number of persons,41303,41539,41774,41408,41549
"Wharton, TX",Per capita personal income (dollars) 2/,Dollars,42062,40606,42153,43838,46646
"Wheeler, TX",Personal income (thousands of dollars) ,Thousands of dollars,251100,210726,220696,226102,218836
"Wheeler, TX",Population (persons) 1/,Number of persons,5685,5549,5327,5164,5057
"Wheeler, TX",Per capita personal income (dollars) 2/,Dollars,44169,37975,41430,43784,43274
"Wichita, TX",Personal income (thousands of dollars) ,Thousands of dollars,5337134,5230195,5437971,5655254,5808044
"Wichita, TX",Population (persons) 1/,Number of persons,129202,129179,129241,129122,129043
"Wichita, TX",Per capita personal income (dollars) 2/,Dollars,41308,40488,42076,43798,45009
"Wilbarger, TX",Personal income (thousands of dollars) ,Thousands of dollars,511931,516234,535554,584168,662998
"Wilbarger, TX",Population (persons) 1/,Number of persons,13216,13077,12903,12993,12963
"Wilbarger, TX",Per capita personal income (dollars) 2/,Dollars,38736,39476,41506,44960,51145
"Willacy, TX",Personal income (thousands of dollars) ,Thousands of dollars,531779,529006,547369,580357,597925
"Willacy, TX",Population (persons) 1/,Number of persons,21301,21097,20743,20570,20341
"Willacy, TX",Per capita personal income (dollars) 2/,Dollars,24965,25075,26388,28214,29395
"Williamson, TX",Personal income (thousands of dollars) ,Thousands of dollars,23474863,25120310,27187219,29487149,32098860
"Williamson, TX",Population (persons) 1/,Number of persons,506668,526882,545234,565564,589581
"Williamson, TX",Per capita personal income (dollars) 2/,Dollars,46332,47677,49863,52138,54444
"Wilson, TX",Personal income (thousands of dollars) ,Thousands of dollars,1991367,2031930,2153342,2321780,2485229
"Wilson, TX",Population (persons) 1/,Number of persons,46233,47049,47862,48571,49153
"Wilson, TX",Per capita personal income (dollars) 2/,Dollars,43072,43188,44991,47802,50561
"Winkler, TX",Personal income (thousands of dollars) ,Thousands of dollars,323576,301275,368090,474606,522992
"Winkler, TX",Population (persons) 1/,Number of persons,7957,7832,7501,7634,7844
"Winkler, TX",Per capita personal income (dollars) 2/,Dollars,40666,38467,49072,62170,66674
"Wise, TX",Personal income (thousands of dollars) ,Thousands of dollars,2610837,2630650,2805746,3017816,3245482
"Wise, TX",Population (persons) 1/,Number of persons,61806,63198,64325,66534,67906
"Wise, TX",Per capita personal income (dollars) 2/,Dollars,42242,41626,43618,45358,47794
"Wood, TX",Personal income (thousands of dollars) ,Thousands of dollars,1607993,1613373,1682240,1768254,1875100
"Wood, TX",Population (persons) 1/,Number of persons,42530,43049,43456,44233,44480
"Wood, TX",Per capita personal income (dollars) 2/,Dollars,37808,37478,38711,39976,42156
"Yoakum, TX",Personal income (thousands of dollars) ,Thousands of dollars,350679,314522,365274,369595,376825
"Yoakum, TX",Population (persons) 1/,Number of persons,8095,7986,7798,7696,7750
"Yoakum, TX",Per capita personal income (dollars) 2/,Dollars,43320,39384,46842,48024,48623
"Young, TX",Personal income (thousands of dollars) ,Thousands of dollars,911011,840830,870997,920245,934130
"Young, TX",Population (persons) 1/,Number of persons,18121,18056,17871,17902,17878
"Young, TX",Per capita personal income (dollars) 2/,Dollars,50274,46568,48738,51405,52250
"Zapata, TX",Personal income (thousands of dollars) ,Thousands of dollars,429160,365086,388199,408149,416821
"Zapata, TX",Population (persons) 1/,Number of persons,14324,14242,14047,13919,13960
"Zapata, TX",Per capita personal income (dollars) 2/,Dollars,29961,25634,27636,29323,29858
"Zavala, TX",Personal income (thousands of dollars) ,Thousands of dollars,334791,316165,323514,344038,358601
"Zavala, TX",Population (persons) 1/,Number of persons,11099,10706,10339,10125,9819
"Zavala, TX",Per capita personal income (dollars) 2/,Dollars,30164,29532,31291,33979,36521
